Date,Open,High,Low,Close,Adj Close,Volume,,,,,,,,,,,,,
02/01/2018,106.59,106.59,106.59,106.59,89.17,-,,,,,,,,,,,,,
03/01/2018,106.59,106.59,106.59,106.59,89.17,-,,,,,,,,,,,,,
04/01/2018,106.4,106.4,106.4,106.47,89.07,2853,,,,,,,,,,,,,
05/01/2018,106.47,106.47,106.47,106.47,89.07,-,,,,,,,,,,,,,
08/01/2018,106.47,106.47,106.47,106.47,89.07,-,,,,,,,,,,,,,
09/01/2018,106.5,106.5,106.44,106.33,88.95,12868,,,,,,,,,,,,,
10/01/2018,106.33,106.33,106.33,106.33,88.95,-,,,,,,,,,,,,,
11/01/2018,106.33,106.33,106.33,106.33,88.95,-,,,,,,,,,,,,,
12/01/2018,106.33,106.33,106.33,106.33,88.95,-,,,,,,,,,,,,,
15/01/2018,106.4,106.49,106.4,106.36,88.97,1429,,,,,,,,,,,,,
16/01/2018,106.36,106.36,106.36,106.36,88.97,-,,,,,,,,,,,,,
17/01/2018,106.36,106.36,106.36,106.36,88.97,-,,,,,,,,,,,,,
18/01/2018,106.17,106.17,106.17,106.02,88.69,5,,,,,,,,,,,,,
19/01/2018,106.02,106.02,106.02,106.02,88.69,-,,,,,,,,,,,,,
22/01/2018,106.02,106.02,106.02,106.02,88.69,-,,,,,,,,,,,,,
23/01/2018,106.02,106.02,106.02,106.02,88.69,-,,,,,,,,,,,,,
24/01/2018,106.02,106.02,106.02,106.02,88.69,-,,,,,,,,,,,,,
25/01/2018,105.96,105.96,105.96,105.81,88.51,45,,,,,,,,,,,,,
26/01/2018,105.81,105.81,105.81,105.81,88.51,-,,,,,,,,,,,,,
29/01/2018,105.81,105.81,105.81,105.81,88.51,-,,,,,,,,,,,,,
30/01/2018,105.81,105.81,105.81,105.81,88.51,-,,,,,,,,,,,,,
31/01/2018,105.81,105.81,105.81,105.81,88.51,-,,,,,,,,,,,,,
01/02/2018,105.81,105.81,105.81,105.81,89.46,-,,,,,,,,,,,,,
02/02/2018,104.05,104.59,104,103.98,87.91,1439,,,,,,,,,,,,,
05/02/2018,103.68,103.68,103.68,103.85,87.8,524,,,,,,,,,,,,,
06/02/2018,103.85,103.85,103.85,103.85,87.8,-,,,,,,,,,,,,,
07/02/2018,104.19,104.19,104.19,104.05,87.97,765,,,,,,,,,,,,,
08/02/2018,103.69,103.69,103.69,103.69,87.67,578,,,,,,,,,,,,,
09/02/2018,103.69,103.69,103.69,103.69,87.67,-,,,,,,,,,,,,,
12/02/2018,103.32,103.32,103.32,103.52,87.52,621,,,,,,,,,,,,,
13/02/2018,103.5,103.55,103.5,103.39,87.41,843,,,,,,,,,,,,,
14/02/2018,103.39,103.39,103.39,103.39,87.41,-,,,,,,,,,,,,,
15/02/2018,103.39,103.39,103.39,103.39,87.41,-,,,,,,,,,,,,,
16/02/2018,103.51,103.51,103.51,103.36,87.39,37,,,,,,,,,,,,,
19/02/2018,103.36,103.36,103.36,103.36,87.39,-,,,,,,,,,,,,,
20/02/2018,103.36,103.36,103.36,103.36,87.39,-,,,,,,,,,,,,,
21/02/2018,103.36,103.36,103.36,103.36,87.39,-,,,,,,,,,,,,,
22/02/2018,103.36,103.36,103.36,103.36,87.39,-,,,,,,,,,,,,,
23/02/2018,103.36,103.36,103.36,103.36,87.39,-,,,,,,,,,,,,,
26/02/2018,103.5,103.5,103.5,103.41,87.43,20,,,,,,,,,,,,,
27/02/2018,103.92,103.92,103.92,103.14,87.2,20,,,,,,,,,,,,,
28/02/2018,101.71,101.71,101.71,103.24,87.29,23,,,,,,,,,,,,,
01/03/2018,103.06,103.06,103.06,103.33,87.36,12148,,,,,,,,,,,,,
02/03/2018,103.52,103.52,103.39,103.11,87.18,582,,,,,,,,,,,,,
05/03/2018,103.42,103.42,103.42,103.14,87.2,3,,,,,,,,,,,,,
06/03/2018,103.37,103.37,103.37,103.27,87.31,48,,,,,,,,,,,,,
07/03/2018,103.27,103.27,103.27,103.27,87.31,-,,,,,,,,,,,,,
08/03/2018,103.27,103.27,103.27,103.27,87.31,-,,,,,,,,,,,,,
09/03/2018,103.27,103.27,103.27,103.27,87.31,-,,,,,,,,,,,,,
12/03/2018,103.42,103.42,103.42,103.15,87.21,725,,,,,,,,,,,,,
13/03/2018,103.15,103.15,103.15,103.15,87.21,-,,,,,,,,,,,,,
14/03/2018,103.15,103.15,103.15,103.15,87.21,-,,,,,,,,,,,,,
15/03/2018,103.15,103.15,103.15,103.15,87.21,-,,,,,,,,,,,,,
16/03/2018,103.15,103.15,103.15,103.15,87.21,-,,,,,,,,,,,,,
19/03/2018,103.25,103.25,103.2,103.45,87.46,1870,,,,,,,,,,,,,
20/03/2018,103.45,103.45,103.45,103.45,87.46,-,,,,,,,,,,,,,
21/03/2018,103.45,103.45,103.45,103.45,87.46,-,,,,,,,,,,,,,
22/03/2018,103.45,103.45,103.45,103.45,87.46,-,,,,,,,,,,,,,
23/03/2018,103.45,103.45,103.45,103.45,87.46,-,,,,,,,,,,,,,
26/03/2018,103.45,103.45,103.45,103.45,87.46,-,,,,,,,,,,,,,
27/03/2018,103.45,103.45,103.45,103.45,87.46,-,,,,,,,,,,,,,
28/03/2018,103.45,103.45,103.45,103.45,87.46,-,,,,,,,,,,,,,
29/03/2018,103.45,103.45,103.45,103.45,87.46,-,,,,,,,,,,,,,
03/04/2018,103.96,103.96,103.96,103.79,87.75,963,,,,,,,,,,,,,
04/04/2018,103.9,103.9,103.75,103.81,87.77,373,,,,,,,,,,,,,
05/04/2018,103.65,103.65,103.65,103.65,87.63,-,,,,,,,,,,,,,
06/04/2018,103.65,103.65,103.65,103.65,87.63,-,,,,,,,,,,,,,
09/04/2018,103.7,103.7,103.7,103.79,87.75,331,,,,,,,,,,,,,
10/04/2018,103.83,103.83,103.83,103.83,87.78,-,,,,,,,,,,,,,
11/04/2018,103.83,103.83,103.83,103.83,87.78,-,,,,,,,,,,,,,
12/04/2018,103.83,103.83,103.83,103.83,87.78,-,,,,,,,,,,,,,
13/04/2018,103.81,103.81,103.81,103.8,87.76,1822,,,,,,,,,,,,,
16/04/2018,103.75,103.75,103.75,103.75,87.72,-,,,,,,,,,,,,,
17/04/2018,103.75,103.75,103.75,103.75,87.72,-,,,,,,,,,,,,,
18/04/2018,103.75,103.75,103.75,103.75,87.72,-,,,,,,,,,,,,,
19/04/2018,103.75,103.75,103.75,103.75,87.72,-,,,,,,,,,,,,,
20/04/2018,103.75,103.75,103.75,103.75,87.72,-,,,,,,,,,,,,,
23/04/2018,102.96,102.96,102.96,103.03,87.11,782,,,,,,,,,,,,,
24/04/2018,102.99,102.99,102.99,102.99,87.07,-,,,,,,,,,,,,,
25/04/2018,102.67,102.67,102.67,102.81,86.92,1,,,,,,,,,,,,,
26/04/2018,102.85,102.85,102.85,102.85,86.96,-,,,,,,,,,,,,,
27/04/2018,103.53,103.53,103.53,103.06,87.13,61,,,,,,,,,,,,,
30/04/2018,103.19,103.19,103.19,103.19,87.25,-,,,,,,,,,,,,,
01/05/2018,103.02,103.02,103.01,103.03,87.11,769,,,,,,,,,,,,,
02/05/2018,102.89,102.89,102.89,102.98,87.07,764,,,,,,,,,,,,,
03/05/2018,103.16,103.16,103.16,103.16,87.22,-,,,,,,,,,,,,,
04/05/2018,103.16,103.16,103.16,103.16,87.22,-,,,,,,,,,,,,,
08/05/2018,103.27,103.27,102.93,102.96,87.05,820,,,,,,,,,,,,,
09/05/2018,102.96,102.96,102.96,102.96,87.05,-,,,,,,,,,,,,,
10/05/2018,103.13,103.13,103.13,102.91,87.01,2428,,,,,,,,,,,,,
11/05/2018,103.18,103.18,103.18,103.18,87.24,-,,,,,,,,,,,,,
14/05/2018,103.18,103.18,103.18,103.18,87.24,-,,,,,,,,,,,,,
15/05/2018,103.18,103.18,103.18,103.18,87.24,-,,,,,,,,,,,,,
16/05/2018,103.18,103.18,103.18,103.18,87.24,-,,,,,,,,,,,,,
17/05/2018,103.18,103.18,103.18,103.18,87.24,-,,,,,,,,,,,,,
18/05/2018,103.18,103.18,103.18,103.18,87.24,-,,,,,,,,,,,,,
21/05/2018,103.18,103.18,103.18,103.18,87.24,-,,,,,,,,,,,,,
22/05/2018,102.5,102.5,102.5,102.61,86.75,9775,,,,,,,,,,,,,
23/05/2018,102.88,102.88,102.88,102.88,86.98,-,,,,,,,,,,,,,
24/05/2018,102.88,102.88,102.88,102.88,86.98,-,,,,,,,,,,,,,
25/05/2018,103.47,103.47,103.47,103.25,87.29,10,,,,,,,,,,,,,
29/05/2018,103.76,103.77,103.76,103.66,87.64,739,,,,,,,,,,,,,
30/05/2018,103.81,103.81,103.81,103.81,87.77,-,,,,,,,,,,,,,
31/05/2018,103.81,103.81,103.81,103.81,87.77,-,,,,,,,,,,,,,
01/06/2018,103.81,103.81,103.81,103.81,87.77,-,,,,,,,,,,,,,
04/06/2018,103.7,103.7,103.7,103.52,87.52,1,,,,,,,,,,,,,
05/06/2018,103.5,103.5,103.5,103.5,87.51,-,,,,,,,,,,,,,
06/06/2018,103.5,103.5,103.5,103.5,87.51,-,,,,,,,,,,,,,
07/06/2018,103.27,103.27,103.27,103.18,87.23,104,,,,,,,,,,,,,
08/06/2018,103.38,103.38,103.38,103.38,87.4,-,,,,,,,,,,,,,
11/06/2018,103.38,103.38,103.38,103.38,87.4,-,,,,,,,,,,,,,
12/06/2018,103.3,103.3,103.3,103.15,87.21,127,,,,,,,,,,,,,
13/06/2018,103.38,103.38,103.38,103.2,87.25,131,,,,,,,,,,,,,
14/06/2018,103.12,103.12,103.12,103.29,87.33,2899,,,,,,,,,,,,,
15/06/2018,103.5,103.5,103.5,103.5,87.51,-,,,,,,,,,,,,,
18/06/2018,103.5,103.5,103.5,103.5,87.51,-,,,,,,,,,,,,,
19/06/2018,103.72,103.72,103.72,103.57,87.56,20,,,,,,,,,,,,,
20/06/2018,103.49,103.49,103.49,103.49,87.5,-,,,,,,,,,,,,,
21/06/2018,103.49,103.49,103.49,103.49,87.5,-,,,,,,,,,,,,,
22/06/2018,103.49,103.49,103.49,103.49,87.5,-,,,,,,,,,,,,,
25/06/2018,103.49,103.49,103.49,103.49,87.5,-,,,,,,,,,,,,,
26/06/2018,103.49,103.49,103.49,103.49,87.5,-,,,,,,,,,,,,,
27/06/2018,103.55,103.55,103.55,103.76,87.72,25,,,,,,,,,,,,,
28/06/2018,103.81,103.81,103.81,103.81,87.77,-,,,,,,,,,,,,,
29/06/2018,103.81,103.81,103.81,103.81,87.77,-,,,,,,,,,,,,,
02/07/2018,104.64,104.64,104.64,103.78,87.74,15,,,,,,,,,,,,,
03/07/2018,103.92,103.92,103.92,103.92,87.86,-,,,,,,,,,,,,,
04/07/2018,103.92,103.92,103.92,103.92,87.86,-,,,,,,,,,,,,,
05/07/2018,103.84,103.84,103.84,104.04,87.96,800,,,,,,,,,,,,,
06/07/2018,104,104.03,103.98,104.06,87.98,2200,,,,,,,,,,,,,
09/07/2018,103.96,103.96,103.96,103.96,87.9,-,,,,,,,,,,,,,
10/07/2018,103.96,103.96,103.96,103.96,87.9,-,,,,,,,,,,,,,
11/07/2018,103.96,103.96,103.96,103.96,87.9,-,,,,,,,,,,,,,
12/07/2018,104.07,104.07,104.07,104.14,88.05,777,,,,,,,,,,,,,
13/07/2018,104.18,104.18,104.18,104.18,88.08,-,,,,,,,,,,,,,
16/07/2018,104.18,104.18,104.18,104.18,88.08,-,,,,,,,,,,,,,
17/07/2018,104.18,104.18,104.18,104.18,88.08,-,,,,,,,,,,,,,
18/07/2018,104.18,104.18,104.18,104.18,88.08,-,,,,,,,,,,,,,
19/07/2018,103.94,103.94,103.94,104.16,88.06,124,,,,,,,,,,,,,
20/07/2018,104.04,104.04,104.04,104.04,87.96,-,,,,,,,,,,,,,
23/07/2018,104.04,104.04,104.04,104.04,87.96,-,,,,,,,,,,,,,
24/07/2018,104.04,104.04,104.04,104.04,87.96,-,,,,,,,,,,,,,
25/07/2018,103.67,103.67,103.67,103.85,87.8,120,,,,,,,,,,,,,
26/07/2018,103.7,103.7,103.7,103.7,87.67,-,,,,,,,,,,,,,
27/07/2018,103.7,103.7,103.7,103.7,87.67,-,,,,,,,,,,,,,
30/07/2018,103.94,103.94,103.94,103.8,87.76,2893,,,,,,,,,,,,,
31/07/2018,103.86,103.86,103.86,103.86,87.81,-,,,,,,,,,,,,,
01/08/2018,103.86,103.86,103.86,103.86,88.96,-,,,,,,,,,,,,,
02/08/2018,102.19,102.19,102.19,102.43,87.73,1415,,,,,,,,,,,,,
03/08/2018,102.6,102.6,102.6,102.55,87.84,1,,,,,,,,,,,,,
06/08/2018,102.77,102.77,102.77,102.72,87.98,1,,,,,,,,,,,,,
07/08/2018,102.59,102.59,102.59,102.59,87.87,-,,,,,,,,,,,,,
08/08/2018,102.59,102.59,102.59,102.59,87.87,-,,,,,,,,,,,,,
09/08/2018,102.59,102.59,102.59,102.59,87.87,-,,,,,,,,,,,,,
10/08/2018,102.59,102.59,102.59,102.59,87.87,-,,,,,,,,,,,,,
13/08/2018,102.59,102.59,102.59,102.59,87.87,-,,,,,,,,,,,,,
14/08/2018,102.59,102.59,102.59,102.59,87.87,-,,,,,,,,,,,,,
15/08/2018,102.59,102.59,102.59,102.59,87.87,-,,,,,,,,,,,,,
16/08/2018,102.88,102.88,102.88,102.93,88.16,178,,,,,,,,,,,,,
17/08/2018,103.12,103.12,103.12,103.12,88.33,-,,,,,,,,,,,,,
20/08/2018,102.91,102.91,102.91,103.27,88.45,10210,,,,,,,,,,,,,
21/08/2018,103.18,103.18,103.18,103.18,88.38,-,,,,,,,,,,,,,
22/08/2018,103.18,103.18,103.18,103.18,88.38,-,,,,,,,,,,,,,
23/08/2018,103.18,103.18,103.18,103.18,88.38,-,,,,,,,,,,,,,
24/08/2018,103.18,103.18,103.18,103.18,88.38,-,,,,,,,,,,,,,
28/08/2018,103.18,103.18,103.18,103.18,88.38,-,,,,,,,,,,,,,
29/08/2018,103.18,103.18,103.18,103.18,88.38,-,,,,,,,,,,,,,
30/08/2018,103.18,103.18,103.18,103.18,88.38,-,,,,,,,,,,,,,
31/08/2018,103.18,103.18,103.18,103.18,88.38,-,,,,,,,,,,,,,
03/09/2018,103.18,103.18,103.18,103.18,88.38,-,,,,,,,,,,,,,
04/09/2018,103.2,103.2,103.2,102.9,88.14,7976,,,,,,,,,,,,,
05/09/2018,102.76,102.76,102.76,102.76,88.02,-,,,,,,,,,,,,,
06/09/2018,102.76,102.76,102.76,102.76,88.02,-,,,,,,,,,,,,,
07/09/2018,102.76,102.76,102.76,102.76,88.02,-,,,,,,,,,,,,,
10/09/2018,102.76,102.76,102.76,102.76,88.02,-,,,,,,,,,,,,,
11/09/2018,102.76,102.76,102.76,102.76,88.02,-,,,,,,,,,,,,,
12/09/2018,102.81,102.81,102.81,102.62,87.9,20,,,,,,,,,,,,,
13/09/2018,102.48,102.48,102.48,102.81,88.06,900,,,,,,,,,,,,,
14/09/2018,102.56,102.56,102.56,102.56,87.84,-,,,,,,,,,,,,,
17/09/2018,102.56,102.56,102.56,102.56,87.84,-,,,,,,,,,,,,,
18/09/2018,102.56,102.56,102.56,102.56,87.84,-,,,,,,,,,,,,,
19/09/2018,102.09,102.09,102.09,102.13,87.48,2123,,,,,,,,,,,,,
20/09/2018,102.25,102.25,102.25,102.25,87.58,-,,,,,,,,,,,,,
21/09/2018,102.25,102.25,102.25,102.25,87.58,-,,,,,,,,,,,,,
24/09/2018,102.25,102.25,102.25,102.25,87.58,-,,,,,,,,,,,,,
25/09/2018,102.25,102.25,102.25,102.25,87.58,-,,,,,,,,,,,,,
26/09/2018,102.25,102.25,102.25,102.25,87.58,-,,,,,,,,,,,,,
27/09/2018,102.25,102.25,102.25,102.25,87.58,-,,,,,,,,,,,,,
28/09/2018,102.32,102.32,102.32,102.32,87.64,-,,,,,,,,,,,,,
01/10/2018,102.09,102.22,102.09,102.41,87.72,7944,,,,,,,,,,,,,
02/10/2018,102.33,102.33,102.33,102.33,87.65,-,,,,,,,,,,,,,
03/10/2018,102.11,102.11,102.11,102.11,87.46,-,,,,,,,,,,,,,
04/10/2018,101.68,101.68,101.68,101.56,86.99,1,,,,,,,,,,,,,
05/10/2018,101.44,101.44,101.44,101.44,86.89,-,,,,,,,,,,,,,
08/10/2018,101.36,101.36,101.36,101.36,86.82,-,,,,,,,,,,,,,
09/10/2018,101.4,101.4,101.4,101.44,86.89,137,,,,,,,,,,,,,
10/10/2018,101.39,101.41,101.39,101.47,86.91,319,,,,,,,,,,,,,
11/10/2018,101.63,101.63,101.63,101.63,87.04,-,,,,,,,,,,,,,
12/10/2018,101.72,101.72,101.72,101.72,87.13,-,,,,,,,,,,,,,
15/10/2018,101.82,101.82,101.82,101.82,87.21,-,,,,,,,,,,,,,
16/10/2018,101.7,101.7,101.7,101.76,87.16,110,,,,,,,,,,,,,
17/10/2018,101.82,101.82,101.82,101.82,87.22,-,,,,,,,,,,,,,
18/10/2018,101.64,101.64,101.64,101.64,87.05,-,,,,,,,,,,,,,
19/10/2018,101.58,101.58,101.58,101.58,87.01,-,,,,,,,,,,,,,
22/10/2018,101.56,101.56,101.56,101.56,86.99,-,,,,,,,,,,,,,
23/10/2018,101.91,101.91,101.91,101.74,87.14,32,,,,,,,,,,,,,
24/10/2018,101.76,101.76,101.76,101.76,87.16,-,,,,,,,,,,,,,
25/10/2018,101.89,101.89,101.89,101.78,87.18,980,,,,,,,,,,,,,
26/10/2018,101.97,101.97,101.97,101.97,87.34,-,,,,,,,,,,,,,
29/10/2018,101.82,101.82,101.82,101.82,87.22,-,,,,,,,,,,,,,
30/10/2018,101.93,101.93,101.93,101.93,87.31,-,,,,,,,,,,,,,
31/10/2018,101.75,101.75,101.75,101.75,87.16,-,,,,,,,,,,,,,
01/11/2018,101.65,101.65,101.65,101.65,87.07,-,,,,,,,,,,,,,
02/11/2018,101.54,101.54,101.54,101.54,86.98,-,,,,,,,,,,,,,
05/11/2018,101.52,101.52,101.52,101.45,86.9,1,,,,,,,,,,,,,
06/11/2018,101.45,101.45,101.45,101.45,86.9,-,,,,,,,,,,,,,
07/11/2018,101.57,101.57,101.57,101.57,86.99,-,,,,,,,,,,,,,
08/11/2018,101.46,101.46,101.46,101.46,86.91,-,,,,,,,,,,,,,
09/11/2018,101.49,101.49,101.49,101.49,86.93,-,,,,,,,,,,,,,
12/11/2018,101.61,101.61,101.61,101.61,87.04,-,,,,,,,,,,,,,
13/11/2018,101.97,101.97,101.97,101.76,87.16,8,,,,,,,,,,,,,
14/11/2018,101.64,101.64,101.64,101.64,87.06,-,,,,,,,,,,,,,
15/11/2018,101.74,101.74,101.74,101.74,87.14,-,,,,,,,,,,,,,
16/11/2018,101.82,101.82,101.82,101.82,87.21,-,,,,,,,,,,,,,
19/11/2018,101.77,101.77,101.77,101.84,87.23,589,,,,,,,,,,,,,
20/11/2018,101.87,101.87,101.87,101.92,87.3,592,,,,,,,,,,,,,
21/11/2018,101.92,101.92,101.92,101.92,87.29,-,,,,,,,,,,,,,
22/11/2018,101.93,101.93,101.93,101.93,87.3,-,,,,,,,,,,,,,
23/11/2018,102,102,102,102,87.37,-,,,,,,,,,,,,,
26/11/2018,102.09,102.09,102.09,101.96,87.33,142,,,,,,,,,,,,,
27/11/2018,101.8,101.8,101.8,101.93,87.31,98,,,,,,,,,,,,,
28/11/2018,101.92,101.92,101.92,101.92,87.3,-,,,,,,,,,,,,,
29/11/2018,102.32,102.54,102.32,102.36,87.67,1304,,,,,,,,,,,,,
30/11/2018,102.3,102.3,102.3,102.3,87.62,-,,,,,,,,,,,,,
03/12/2018,102.25,102.27,102.25,102.23,87.56,1029,,,,,,,,,,,,,
04/12/2018,102.65,102.65,102.65,102.49,87.79,430,,,,,,,,,,,,,
05/12/2018,103.14,103.14,103.14,102.74,88,1994,,,,,,,,,,,,,
06/12/2018,102.94,103.1,102.87,103.11,88.32,1875,,,,,,,,,,,,,
07/12/2018,102.89,102.89,102.89,102.89,88.13,-,,,,,,,,,,,,,
10/12/2018,103.16,103.16,103.16,103.16,88.36,-,,,,,,,,,,,,,
11/12/2018,103.28,103.28,103.11,103.11,88.32,4840,,,,,,,,,,,,,
12/12/2018,102.88,102.88,102.88,103.04,88.26,355,,,,,,,,,,,,,
13/12/2018,103.01,103.01,103.01,103.01,88.23,-,,,,,,,,,,,,,
14/12/2018,103.25,103.25,103.25,103.23,88.42,318,,,,,,,,,,,,,
17/12/2018,103.2,103.2,103.2,103.2,88.39,-,,,,,,,,,,,,,
18/12/2018,103.55,103.55,103.55,103.47,88.63,2700,,,,,,,,,,,,,
19/12/2018,103.73,103.73,103.73,103.73,88.85,-,,,,,,,,,,,,,
20/12/2018,103.72,103.72,103.72,103.72,88.84,-,,,,,,,,,,,,,
21/12/2018,103.71,103.71,103.71,103.52,88.67,147,,,,,,,,,,,,,
24/12/2018,103.61,103.61,103.61,103.61,88.74,-,,,,,,,,,,,,,
27/12/2018,103.72,103.92,103.72,103.77,88.88,1859,,,,,,,,,,,,,
28/12/2018,103.8,103.94,103.67,103.93,89.02,3832,,,,,,,,,,,,,
31/12/2018,103.99,103.99,103.99,103.99,89.07,-,,,,,,,,,,,,,
02/01/2019,104.48,104.48,104.48,104.29,89.33,12210,,,,,,,,,,,,,
03/01/2019,104.3,104.3,104.3,104.67,89.65,100,,,,,,,,,,,,,
04/01/2019,104.43,104.43,104.43,104.43,89.45,-,,,,,,,,,,,,,
07/01/2019,104.34,104.34,104.34,104.36,89.39,74,,,,,,,,,,,,,
08/01/2019,104.26,104.26,104.26,104.26,89.3,-,,,,,,,,,,,,,
09/01/2019,104.21,104.21,104.21,104.21,89.25,-,,,,,,,,,,,,,
10/01/2019,104.22,104.22,104.22,104.22,89.27,-,,,,,,,,,,,,,
11/01/2019,104.28,104.28,104.28,104.28,89.32,-,,,,,,,,,,,,,
14/01/2019,105.02,105.02,105.02,104.25,89.29,1588,,,,,,,,,,,,,
15/01/2019,104.36,104.43,104.36,104.25,89.29,848,,,,,,,,,,,,,
16/01/2019,104.19,104.19,104.19,104.19,89.24,-,,,,,,,,,,,,,
17/01/2019,104.41,104.41,104.35,104.21,89.26,62,,,,,,,,,,,,,
18/01/2019,104.25,104.65,104.25,104.2,89.25,1405,,,,,,,,,,,,,
21/01/2019,104.31,104.45,104.31,104.11,89.17,1978,,,,,,,,,,,,,
22/01/2019,104.27,104.27,104.27,104.27,89.31,-,,,,,,,,,,,,,
23/01/2019,104.46,104.49,104.46,104.45,89.46,1254,,,,,,,,,,,,,
24/01/2019,104.58,104.58,104.41,104.57,89.57,730,,,,,,,,,,,,,
25/01/2019,104.6,104.69,104.6,104.55,89.55,349,,,,,,,,,,,,,
28/01/2019,104.54,104.6,104.54,104.54,89.54,700,,,,,,,,,,,,,
29/01/2019,104.68,104.68,104.68,104.8,89.76,250,,,,,,,,,,,,,
30/01/2019,104.83,104.83,104.83,104.83,89.79,-,,,,,,,,,,,,,
31/01/2019,105.26,105.26,105.26,105.36,90.24,101,,,,,,,,,,,,,
01/02/2019,104.16,104.16,104.16,103.86,90.13,135,,,,,,,,,,,,,
04/02/2019,102.92,103.46,102.92,103.64,89.95,4449,,,,,,,,,,,,,
05/02/2019,103.48,103.83,103.48,103.82,90.1,1246,,,,,,,,,,,,,
06/02/2019,104.05,104.05,104.05,103.92,90.18,335,,,,,,,,,,,,,
07/02/2019,104.04,104.17,103.94,104.04,90.28,6343,,,,,,,,,,,,,
08/02/2019,104.15,104.15,104.15,104.09,90.33,52,,,,,,,,,,,,,
11/02/2019,103.95,103.95,103.95,104.15,90.39,39,,,,,,,,,,,,,
12/02/2019,103.81,104.18,103.81,104.03,90.28,5062,,,,,,,,,,,,,
13/02/2019,104,104,104,104,90.25,-,,,,,,,,,,,,,
14/02/2019,103.95,103.95,103.95,103.95,90.21,-,,,,,,,,,,,,,
15/02/2019,104.01,104.01,104.01,104.01,90.26,-,,,,,,,,,,,,,
18/02/2019,104.18,104.18,104.18,104.05,90.3,190,,,,,,,,,,,,,
19/02/2019,104.15,104.15,104.15,104.15,90.38,-,,,,,,,,,,,,,
20/02/2019,104.03,104.44,104.03,104.21,90.44,571,,,,,,,,,,,,,
21/02/2019,103.91,103.91,103.91,103.91,90.18,-,,,,,,,,,,,,,
22/02/2019,104.14,104.14,104.14,104.15,90.38,601,,,,,,,,,,,,,
25/02/2019,104.02,104.02,104.02,104.02,90.27,-,,,,,,,,,,,,,
26/02/2019,104.26,104.81,104.25,104.32,90.53,1274,,,,,,,,,,,,,
27/02/2019,104.11,104.11,104.11,104.11,90.34,-,,,,,,,,,,,,,
28/02/2019,104.22,104.22,104.08,103.95,90.21,880,,,,,,,,,,,,,
01/03/2019,103.97,103.97,103.97,103.97,90.23,-,,,,,,,,,,,,,
04/03/2019,103.97,103.97,103.97,103.97,90.23,-,,,,,,,,,,,,,
05/03/2019,104.13,104.13,104.13,103.97,90.23,171,,,,,,,,,,,,,
06/03/2019,104.19,104.19,104.19,104.19,90.42,-,,,,,,,,,,,,,
07/03/2019,104.36,104.36,104.36,104.36,90.57,1,,,,,,,,,,,,,
08/03/2019,104.33,104.33,104.22,104.31,90.52,727,,,,,,,,,,,,,
11/03/2019,104.56,104.56,104.21,104.38,90.58,1436,,,,,,,,,,,,,
12/03/2019,104.29,104.29,104.07,104.34,90.55,200,,,,,,,,,,,,,
13/03/2019,104.31,104.58,104.31,104.46,90.65,8537,,,,,,,,,,,,,
14/03/2019,104.2,104.2,104.2,104.34,90.55,222,,,,,,,,,,,,,
15/03/2019,104.55,104.55,104.55,104.55,90.73,-,,,,,,,,,,,,,
18/03/2019,104.67,104.67,104.67,104.67,90.83,-,,,,,,,,,,,,,
19/03/2019,104.51,104.51,104.51,104.61,90.78,250,,,,,,,,,,,,,
20/03/2019,104.49,104.49,104.49,104.57,90.75,233,,,,,,,,,,,,,
21/03/2019,104.9,104.9,104.9,105.01,91.13,224,,,,,,,,,,,,,
22/03/2019,105.52,105.52,105.52,105.34,91.42,597,,,,,,,,,,,,,
25/03/2019,105.65,105.65,105.22,105.61,91.65,11135,,,,,,,,,,,,,
26/03/2019,105.68,105.68,105.68,105.68,91.71,-,,,,,,,,,,,,,
27/03/2019,105.69,106.02,105.69,105.87,91.88,4175,,,,,,,,,,,,,
28/03/2019,106.01,106.01,106.01,105.83,91.84,585,,,,,,,,,,,,,
29/03/2019,106.01,106.01,106.01,105.84,91.85,2,,,,,,,,,,,,,
01/04/2019,105.91,105.91,105.91,105.61,91.65,63,,,,,,,,,,,,,
02/04/2019,105.43,105.43,105.43,105.42,91.49,2379,,,,,,,,,,,,,
03/04/2019,105.28,105.45,105.08,105.24,91.33,1030,,,,,,,,,,,,,
04/04/2019,105.31,105.31,105.31,105.31,91.39,-,,,,,,,,,,,,,
05/04/2019,105.39,105.39,105.39,105.39,91.46,-,,,,,,,,,,,,,
08/04/2019,105.42,105.42,105.42,105.42,91.48,-,,,,,,,,,,,,,
09/04/2019,105.46,105.46,105.46,105.46,91.52,-,,,,,,,,,,,,,
10/04/2019,105.58,105.58,105.58,105.58,91.63,-,,,,,,,,,,,,,
11/04/2019,105.58,105.58,105.58,105.58,91.63,-,,,,,,,,,,,,,
12/04/2019,105.39,105.39,105.39,105.39,91.46,-,,,,,,,,,,,,,
15/04/2019,105.26,105.26,105.26,105.21,91.3,5116,,,,,,,,,,,,,
16/04/2019,105.25,105.25,105.25,105.25,91.34,-,,,,,,,,,,,,,
17/04/2019,105.14,105.14,105.14,105.14,91.24,-,,,,,,,,,,,,,
18/04/2019,105.23,105.23,105.23,105.23,91.32,-,,,,,,,,,,,,,
23/04/2019,105.38,105.38,105.38,105.11,91.22,47,,,,,,,,,,,,,
24/04/2019,105.47,105.47,105.47,105.47,91.53,-,,,,,,,,,,,,,
25/04/2019,105.53,105.53,105.53,105.53,91.58,-,,,,,,,,,,,,,
26/04/2019,105.69,105.69,105.69,105.69,91.72,-,,,,,,,,,,,,,
29/04/2019,105.89,105.89,105.8,105.6,91.64,166,,,,,,,,,,,,,
30/04/2019,105.61,105.61,105.61,105.61,91.65,-,,,,,,,,,,,,,
01/05/2019,105.68,105.68,105.68,105.89,91.9,1256,,,,,,,,,,,,,
02/05/2019,105.57,105.57,105.57,105.57,91.61,-,,,,,,,,,,,,,
03/05/2019,105.67,105.67,105.67,105.67,91.7,-,,,,,,,,,,,,,
07/05/2019,105.48,105.98,105.48,105.85,91.86,520,,,,,,,,,,,,,
08/05/2019,106.13,106.13,106.13,106,91.99,38,,,,,,,,,,,,,
09/05/2019,105.98,105.98,105.98,105.98,91.97,-,,,,,,,,,,,,,
10/05/2019,106.02,106.02,106.02,106.02,92.01,-,,,,,,,,,,,,,
13/05/2019,105.75,105.75,105.75,106.29,92.24,64,,,,,,,,,,,,,
14/05/2019,106.16,106.16,106.16,106.16,92.13,-,,,,,,,,,,,,,
15/05/2019,106.32,106.32,106.32,106.32,92.26,-,,,,,,,,,,,,,
16/05/2019,106.32,106.32,106.32,106.32,92.27,-,,,,,,,,,,,,,
17/05/2019,106.22,106.22,106.22,106.22,92.18,-,,,,,,,,,,,,,
20/05/2019,106.1,106.1,106.1,106.12,92.09,64,,,,,,,,,,,,,
21/05/2019,106.05,106.05,106.05,106.05,92.03,-,,,,,,,,,,,,,
22/05/2019,106.18,106.18,106.18,106.18,92.14,-,,,,,,,,,,,,,
23/05/2019,106.47,106.47,106.47,106.47,92.4,-,,,,,,,,,,,,,
24/05/2019,106.61,106.61,106.61,106.61,92.51,-,,,,,,,,,,,,,
28/05/2019,106.91,106.91,106.91,106.68,92.57,5,,,,,,,,,,,,,
29/05/2019,106.99,106.99,106.99,106.99,92.84,-,,,,,,,,,,,,,
30/05/2019,106.87,106.87,106.87,106.87,92.74,-,,,,,,,,,,,,,
31/05/2019,107.29,107.29,107.29,107.29,93.11,-,,,,,,,,,,,,,
03/06/2019,107.69,107.69,107.69,107.69,93.46,5431,,,,,,,,,,,,,
04/06/2019,108.36,108.36,107.72,107.72,93.48,1107,,,,,,,,,,,,,
05/06/2019,107.96,107.96,107.72,107.81,93.56,1285,,,,,,,,,,,,,
06/06/2019,107.89,107.89,107.89,107.89,93.63,-,,,,,,,,,,,,,
07/06/2019,108.13,108.13,107.78,107.9,93.64,1558,,,,,,,,,,,,,
10/06/2019,107.79,107.79,107.79,107.79,93.54,-,,,,,,,,,,,,,
11/06/2019,107.05,107.05,107.05,107.05,92.9,3637,,,,,,,,,,,,,
12/06/2019,107.68,107.68,107.68,107.81,93.56,58,,,,,,,,,,,,,
13/06/2019,107.75,107.75,107.75,107.96,93.69,60,,,,,,,,,,,,,
14/06/2019,108.09,108.09,108.09,108.09,93.8,-,,,,,,,,,,,,,
17/06/2019,108,108,108,107.95,93.68,25,,,,,,,,,,,,,
18/06/2019,108.3,108.3,108.3,108.3,93.98,-,,,,,,,,,,,,,
19/06/2019,108.12,108.12,108.12,108.12,93.83,-,,,,,,,,,,,,,
20/06/2019,108.12,108.12,108.12,108.97,94.57,68,,,,,,,,,,,,,
21/06/2019,108.92,108.92,108.92,108.62,94.26,366,,,,,,,,,,,,,
24/06/2019,108.87,108.87,108.87,108.87,94.48,-,,,,,,,,,,,,,
25/06/2019,109.06,109.06,109.06,108.92,94.52,325,,,,,,,,,,,,,
26/06/2019,108.76,108.82,108.73,108.6,94.25,1105,,,,,,,,,,,,,
27/06/2019,108.78,108.78,108.78,108.78,94.4,-,,,,,,,,,,,,,
28/06/2019,109.03,109.03,109.03,108.87,94.48,5,,,,,,,,,,,,,
01/07/2019,108.79,108.79,108.79,108.92,94.52,2129,,,,,,,,,,,,,
02/07/2019,109.1,109.1,109.1,109.1,94.67,-,,,,,,,,,,,,,
03/07/2019,109.29,109.29,109.29,109.29,94.84,-,,,,,,,,,,,,,
04/07/2019,109.55,109.55,109.55,109.34,94.89,32,,,,,,,,,,,,,
05/07/2019,108.88,108.88,108.88,108.88,94.49,-,,,,,,,,,,,,,
08/07/2019,108.93,108.93,108.93,108.93,94.53,-,,,,,,,,,,,,,
09/07/2019,108.76,108.76,108.76,108.76,94.39,-,,,,,,,,,,,,,
10/07/2019,108.95,108.95,108.95,108.76,94.38,34,,,,,,,,,,,,,
11/07/2019,108.74,108.74,108.74,108.74,94.36,-,,,,,,,,,,,,,
12/07/2019,108.43,108.43,108.43,108.43,94.1,-,,,,,,,,,,,,,
15/07/2019,108.63,108.63,108.63,108.63,94.27,-,,,,,,,,,,,,,
16/07/2019,108.53,108.53,108.53,108.53,94.18,-,,,,,,,,,,,,,
17/07/2019,108.77,108.77,108.77,108.62,94.26,21,,,,,,,,,,,,,
18/07/2019,108.82,108.82,108.82,108.82,94.43,-,,,,,,,,,,,,,
19/07/2019,108.93,108.93,108.93,108.93,94.54,-,,,,,,,,,,,,,
22/07/2019,109.05,109.05,109.05,109.05,94.64,-,,,,,,,,,,,,,
23/07/2019,109.11,109.11,109.06,108.92,94.52,268,,,,,,,,,,,,,
24/07/2019,109.01,109.01,109.01,109.01,94.6,-,,,,,,,,,,,,,
25/07/2019,108.94,108.94,108.94,108.94,94.54,-,,,,,,,,,,,,,
26/07/2019,108.93,108.93,108.93,108.93,94.53,-,,,,,,,,,,,,,
29/07/2019,108.92,109.08,108.92,108.92,94.52,96,,,,,,,,,,,,,
30/07/2019,109.07,109.07,109.07,109.07,94.65,-,,,,,,,,,,,,,
31/07/2019,109.22,109.22,109.22,109.22,94.78,-,,,,,,,,,,,,,
01/08/2019,109.1,109.1,109.1,107.97,95,183,,,,,,,,,,,,,
02/08/2019,108.49,108.49,108.49,108.34,95.32,986,,,,,,,,,,,,,
05/08/2019,108.81,108.81,108.81,108.81,95.73,-,,,,,,,,,,,,,
06/08/2019,109.08,109.08,109.08,109.08,95.98,-,,,,,,,,,,,,,
07/08/2019,109.37,109.37,109.37,109.5,96.34,91,,,,,,,,,,,,,
08/08/2019,109.01,109.01,109.01,109.01,95.91,-,,,,,,,,,,,,,
09/08/2019,109.32,109.37,109.32,109.22,96.1,260,,,,,,,,,,,,,
12/08/2019,109.18,109.18,109.18,109.4,96.26,1000,,,,,,,,,,,,,
13/08/2019,109.5,109.5,109.5,109.5,96.35,-,,,,,,,,,,,,,
14/08/2019,109.66,109.66,109.66,109.66,96.49,-,,,,,,,,,,,,,
15/08/2019,109.85,109.85,109.85,109.85,96.65,-,,,,,,,,,,,,,
16/08/2019,109.81,109.81,109.81,109.84,96.64,51,,,,,,,,,,,,,
19/08/2019,109.67,109.69,109.67,109.69,96.51,2600,,,,,,,,,,,,,
20/08/2019,109.74,109.74,109.74,109.85,96.65,900,,,,,,,,,,,,,
21/08/2019,109.93,109.93,109.93,109.93,96.72,-,,,,,,,,,,,,,
22/08/2019,109.81,109.81,109.81,109.81,96.61,-,,,,,,,,,,,,,
23/08/2019,109.97,109.97,109.97,109.97,96.76,-,,,,,,,,,,,,,
27/08/2019,110.28,110.28,110.28,110.28,97.03,-,,,,,,,,,,,,,
28/08/2019,110.43,110.43,110.43,110.43,97.16,-,,,,,,,,,,,,,
29/08/2019,110.38,110.38,110.38,110.38,97.11,-,,,,,,,,,,,,,
30/08/2019,110.35,110.35,110.35,110.35,97.09,-,,,,,,,,,,,,,
02/09/2019,110.47,110.47,110.47,110.47,97.2,-,,,,,,,,,,,,,
03/09/2019,110.4,110.4,110.4,110.72,97.42,377,,,,,,,,,,,,,
04/09/2019,110.69,110.69,110.69,110.64,97.35,1,,,,,,,,,,,,,
05/09/2019,110.16,110.16,110.16,110.16,96.93,-,,,,,,,,,,,,,
06/09/2019,110.2,110.3,110.2,110.18,96.95,933,,,,,,,,,,,,,
09/09/2019,109.96,109.96,109.96,109.96,96.75,-,,,,,,,,,,,,,
10/09/2019,109.68,109.68,109.68,109.68,96.5,-,,,,,,,,,,,,,
11/09/2019,109.47,109.47,109.38,109.26,96.14,584,,,,,,,,,,,,,
12/09/2019,109.21,109.21,109.21,109.21,96.09,-,,,,,,,,,,,,,
13/09/2019,108.75,108.75,108.75,108.75,95.68,-,,,,,,,,,,,,,
16/09/2019,108.81,108.81,108.81,108.75,95.68,595,,,,,,,,,,,,,
17/09/2019,109.22,109.22,109.03,109.16,96.05,5,,,,,,,,,,,,,
18/09/2019,109.15,109.15,109.15,109.15,96.04,-,,,,,,,,,,,,,
19/09/2019,109.1,109.1,109.1,109.1,95.99,-,,,,,,,,,,,,,
20/09/2019,109.21,109.21,109.21,109.21,96.09,-,,,,,,,,,,,,,
23/09/2019,109.68,109.68,109.68,109.68,96.51,-,,,,,,,,,,,,,
24/09/2019,109.39,109.61,109.39,109.61,96.44,3,,,,,,,,,,,,,
25/09/2019,109.63,109.63,109.63,109.63,96.46,-,,,,,,,,,,,,,
26/09/2019,109.61,109.61,109.61,109.61,96.44,-,,,,,,,,,,,,,
27/09/2019,109.64,109.64,109.64,109.64,96.47,-,,,,,,,,,,,,,
30/09/2019,109.83,109.83,109.83,109.83,96.64,-,,,,,,,,,,,,,
01/10/2019,109.5,109.84,109.5,109.84,96.64,4,,,,,,,,,,,,,
02/10/2019,109.93,109.93,109.93,110.08,96.86,1673,,,,,,,,,,,,,
03/10/2019,110.36,110.36,110.36,110.36,97.11,-,,,,,,,,,,,,,
04/10/2019,110.68,110.68,110.26,110.47,97.2,1141,,,,,,,,,,,,,
07/10/2019,110.54,110.54,110.54,110.54,97.26,-,,,,,,,,,,,,,
08/10/2019,110.49,110.59,110.49,110.59,97.3,9,,,,,,,,,,,,,
09/10/2019,110.58,110.58,110.56,110.56,97.28,18,,,,,,,,,,,,,
10/10/2019,109.95,109.95,109.95,109.95,96.74,-,,,,,,,,,,,,,
11/10/2019,110.08,110.08,110.08,109.56,96.39,114,,,,,,,,,,,,,
14/10/2019,109.77,109.77,109.77,109.98,96.77,777,,,,,,,,,,,,,
15/10/2019,109.96,110.09,109.89,109.89,96.69,558,,,,,,,,,,,,,
16/10/2019,109.58,109.58,109.55,109.75,96.56,1106,,,,,,,,,,,,,
17/10/2019,109.67,109.67,109.63,109.64,96.47,1558,,,,,,,,,,,,,
18/10/2019,109.63,109.63,109.63,109.63,96.45,-,,,,,,,,,,,,,
21/10/2019,109.65,109.65,109.6,109.6,96.43,2720,,,,,,,,,,,,,
22/10/2019,109.58,109.65,109.58,109.64,96.47,23,,,,,,,,,,,,,
23/10/2019,109.5,109.5,109.5,109.5,96.35,-,,,,,,,,,,,,,
24/10/2019,109.34,109.34,109.34,109.66,96.49,291,,,,,,,,,,,,,
25/10/2019,109.64,109.64,109.64,109.45,96.3,98,,,,,,,,,,,,,
28/10/2019,109.27,109.64,109.27,109.15,96.04,98,,,,,,,,,,,,,
29/10/2019,109.24,109.24,109.24,109.24,96.11,-,,,,,,,,,,,,,
30/10/2019,109.49,109.49,109.49,109.49,96.33,-,,,,,,,,,,,,,
31/10/2019,109.49,109.86,109.49,109.91,96.71,2935,,,,,,,,,,,,,
01/11/2019,110.02,110.02,110.02,109.92,96.71,281,,,,,,,,,,,,,
04/11/2019,110.03,110.03,109.91,109.72,96.54,2622,,,,,,,,,,,,,
05/11/2019,110.16,110.16,109.5,109.41,96.27,563,,,,,,,,,,,,,
06/11/2019,109.49,109.55,108.71,109.46,96.31,2205,,,,,,,,,,,,,
07/11/2019,109.11,109.11,109.11,109.11,96,-,,,,,,,,,,,,,
08/11/2019,109.2,109.2,109.2,109.08,95.98,458,,,,,,,,,,,,,
11/11/2019,109.2,109.2,109.2,108.93,95.85,15582,,,,,,,,,,,,,
12/11/2019,108.98,108.98,108.98,108.98,95.89,-,,,,,,,,,,,,,
13/11/2019,109.39,109.39,109.39,109.39,96.24,-,,,,,,,,,,,,,
14/11/2019,109.8,109.8,109.8,109.74,96.55,1833,,,,,,,,,,,,,
15/11/2019,109.77,109.77,109.77,109.77,96.58,-,,,,,,,,,,,,,
18/11/2019,109.85,109.85,109.85,109.85,96.65,-,,,,,,,,,,,,,
19/11/2019,109.64,109.92,109.64,109.96,96.75,447,,,,,,,,,,,,,
20/11/2019,110.08,110.08,110.08,110.08,96.86,-,,,,,,,,,,,,,
21/11/2019,110.04,110.04,110.04,110.04,96.82,-,,,,,,,,,,,,,
22/11/2019,110.09,110.09,110.09,110.09,96.86,-,,,,,,,,,,,,,
25/11/2019,110.1,110.1,110.1,110.1,96.87,-,,,,,,,,,,,,,
26/11/2019,110.35,110.35,110.35,110.3,97.05,69,,,,,,,,,,,,,
27/11/2019,110.18,110.18,110.18,110.18,96.94,-,,,,,,,,,,,,,
28/11/2019,110.05,110.05,110.05,110.27,97.02,86,,,,,,,,,,,,,
29/11/2019,110.14,110.14,110.14,110.14,96.91,-,,,,,,,,,,,,,
02/12/2019,109.81,109.81,109.58,109.73,96.55,8551,,,,,,,,,,,,,
03/12/2019,110.02,110.45,110.02,110.31,97.06,6,,,,,,,,,,,,,
04/12/2019,110.04,110.04,110.04,110.04,96.82,-,,,,,,,,,,,,,
05/12/2019,109.94,109.94,109.94,109.94,96.74,-,,,,,,,,,,,,,
06/12/2019,110.1,110.1,110.1,109.87,96.67,354,,,,,,,,,,,,,
09/12/2019,109.85,109.85,109.85,109.85,96.65,-,,,,,,,,,,,,,
10/12/2019,109.8,110.12,109.41,109.84,96.64,177,,,,,,,,,,,,,
11/12/2019,110.04,110.04,110.04,110.07,96.84,556,,,,,,,,,,,,,
12/12/2019,109.64,109.64,109.64,109.64,96.47,-,,,,,,,,,,,,,
13/12/2019,109.98,109.98,109.98,109.98,96.77,-,,,,,,,,,,,,,
16/12/2019,109.83,109.83,109.83,109.83,96.64,-,,,,,,,,,,,,,
17/12/2019,109.72,110.05,109.72,109.81,96.62,2451,,,,,,,,,,,,,
18/12/2019,109.68,109.68,109.68,109.68,96.5,-,,,,,,,,,,,,,
19/12/2019,109.68,109.68,109.68,109.68,96.5,-,,,,,,,,,,,,,
20/12/2019,109.68,109.68,109.68,109.68,96.5,-,,,,,,,,,,,,,
23/12/2019,109.68,109.68,109.68,109.68,96.51,-,,,,,,,,,,,,,
24/12/2019,109.66,109.66,109.66,109.66,96.49,-,,,,,,,,,,,,,
27/12/2019,110.11,110.11,110.11,109.99,96.77,948,,,,,,,,,,,,,
30/12/2019,110.33,110.33,110.07,109.93,96.72,16,,,,,,,,,,,,,
31/12/2019,110.06,110.06,110.06,110.06,96.83,-,,,,,,,,,,,,,
02/01/2020,110.11,110.11,110.11,110.11,96.88,-,,,,,,,,,,,,,
03/01/2020,110.8,110.8,110.5,110.42,97.15,9,,,,,,,,,,,,,
06/01/2020,110.39,110.39,110.39,110.39,97.13,-,,,,,,,,,,,,,
07/01/2020,110.58,110.58,110.58,110.37,97.11,23,,,,,,,,,,,,,
08/01/2020,110.53,110.53,110.4,110.29,97.04,5,,,,,,,,,,,,,
09/01/2020,110.17,110.17,110.17,109.93,96.73,64,,,,,,,,,,,,,
10/01/2020,110.41,110.41,110.41,110.38,97.11,90,,,,,,,,,,,,,
13/01/2020,110.63,110.86,110.48,110.36,97.1,43,,,,,,,,,,,,,
14/01/2020,110.53,110.53,110.53,110.43,97.16,6233,,,,,,,,,,,,,
15/01/2020,110.73,110.73,110.73,110.59,97.3,215,,,,,,,,,,,,,
16/01/2020,110.54,110.54,110.54,110.54,97.26,-,,,,,,,,,,,,,
17/01/2020,110.54,110.54,110.54,110.54,97.26,-,,,,,,,,,,,,,
20/01/2020,110.75,110.75,110.72,110.61,97.32,642,,,,,,,,,,,,,
21/01/2020,110.86,111.04,110.86,110.9,97.58,621,,,,,,,,,,,,,
22/01/2020,110.83,111.1,110.83,110.96,97.63,1110,,,,,,,,,,,,,
23/01/2020,111.15,111.15,111.15,111.15,97.8,-,,,,,,,,,,,,,
24/01/2020,111.27,111.27,111.27,111.27,97.9,-,,,,,,,,,,,,,
27/01/2020,111.38,111.77,111.38,111.63,98.22,1395,,,,,,,,,,,,,
28/01/2020,111.71,111.71,111.71,111.52,98.12,107,,,,,,,,,,,,,
29/01/2020,112.05,112.05,111.79,111.71,98.29,339,,,,,,,,,,,,,
30/01/2020,111.97,111.97,111.97,111.97,98.52,-,,,,,,,,,,,,,
31/01/2020,112.1,112.1,112.1,112.1,98.63,-,,,,,,,,,,,,,
03/02/2020,110.8,110.8,110.73,110.56,98.57,602,,,,,,,,,,,,,
04/02/2020,110.35,110.57,110.35,110.35,98.39,2025,,,,,,,,,,,,,
05/02/2020,110.06,110.06,110.06,110.19,98.25,183,,,,,,,,,,,,,
06/02/2020,110.18,110.18,110.18,110.18,98.23,-,,,,,,,,,,,,,
07/02/2020,110.66,110.66,110.66,110.49,98.51,858,,,,,,,,,,,,,
10/02/2020,110.79,110.79,110.61,110.61,98.62,356,,,,,,,,,,,,,
11/02/2020,111.06,111.06,110.42,110.57,98.59,198,,,,,,,,,,,,,
12/02/2020,110.35,110.35,110.35,110.35,98.38,-,,,,,,,,,,,,,
13/02/2020,110.79,110.79,110.79,110.53,98.55,1010,,,,,,,,,,,,,
14/02/2020,110.4,110.4,110.4,110.63,98.64,122,,,,,,,,,,,,,
17/02/2020,110.59,110.59,110.59,110.59,98.6,-,,,,,,,,,,,,,
18/02/2020,110.57,110.94,110.57,110.8,98.79,2287,,,,,,,,,,,,,
19/02/2020,110.61,110.79,110.61,110.68,98.69,165,,,,,,,,,,,,,
20/02/2020,110.95,110.95,110.95,110.89,98.87,64,,,,,,,,,,,,,
21/02/2020,111.18,111.18,111.18,111.18,99.12,-,,,,,,,,,,,,,
24/02/2020,111.6,111.6,111.6,111.56,99.46,30,,,,,,,,,,,,,
25/02/2020,111.76,111.76,111.76,111.76,99.65,-,,,,,,,,,,,,,
26/02/2020,111.66,111.66,111.66,111.66,99.56,-,,,,,,,,,,,,,
27/02/2020,111.46,111.47,111.46,111.84,99.72,122,,,,,,,,,,,,,
28/02/2020,111.8,112.28,111.8,112.13,99.97,294,,,,,,,,,,,,,
02/03/2020,112.48,112.89,112.48,112.71,100.49,2147,,,,,,,,,,,,,
03/03/2020,112.59,113.45,112.47,112.94,100.7,1175,,,,,,,,,,,,,
04/03/2020,113.6,113.6,113.34,113.43,101.14,536,,,,,,,,,,,,,
05/03/2020,113.71,113.71,113.71,113.53,101.22,121,,,,,,,,,,,,,
06/03/2020,114.45,114.45,114.45,114.45,102.04,-,,,,,,,,,,,,,
09/03/2020,115.79,115.79,114.61,114.73,102.29,1191,,,,,,,,,,,,,
10/03/2020,113.31,113.72,113.26,113.71,101.39,2237,,,,,,,,,,,,,
11/03/2020,113.18,113.61,112.86,112.57,100.36,63,,,,,,,,,,,,,
12/03/2020,112.27,112.27,112.27,109.86,97.95,70,,,,,,,,,,,,,
13/03/2020,110.48,110.48,110.34,110.34,98.38,1200,,,,,,,,,,,,,
16/03/2020,110.1,110.1,102.07,110.21,98.26,609,,,,,,,,,,,,,
17/03/2020,108,108.5,107.76,110.61,98.63,473,,,,,,,,,,,,,
18/03/2020,106.65,106.65,106.65,106.41,94.88,70,,,,,,,,,,,,,
19/03/2020,103.28,108.72,103.1,104.15,92.86,3435,,,,,,,,,,,,,
20/03/2020,109.03,109.03,109.03,108.06,96.34,1,,,,,,,,,,,,,
23/03/2020,109,109,109,109.38,97.52,162,,,,,,,,,,,,,
24/03/2020,108.91,109.04,108.91,109.72,97.83,1042,,,,,,,,,,,,,
25/03/2020,109.9,109.98,109.9,110.99,98.96,270,,,,,,,,,,,,,
26/03/2020,111.18,111.18,111.18,111.18,99.13,-,,,,,,,,,,,,,
27/03/2020,112.03,112.03,110.76,111.31,99.25,6288,,,,,,,,,,,,,
30/03/2020,113.1,113.1,113.1,112.17,100.01,1250,,,,,,,,,,,,,
31/03/2020,111,112.72,111,112.72,100.5,121,,,,,,,,,,,,,
01/04/2020,111.31,111.31,111.31,111.64,99.54,30,,,,,,,,,,,,,
02/04/2020,110.66,110.66,110.66,111.68,99.57,469,,,,,,,,,,,,,
03/04/2020,111.53,111.53,111.53,111.53,99.44,-,,,,,,,,,,,,,
06/04/2020,113,113,112.5,112.11,99.96,1486,,,,,,,,,,,,,
07/04/2020,111.51,111.52,111.48,111.48,99.4,671,,,,,,,,,,,,,
08/04/2020,112.74,112.74,112.74,112.74,100.52,-,,,,,,,,,,,,,
09/04/2020,113.84,113.84,113.84,113.84,101.5,-,,,,,,,,,,,,,
14/04/2020,113.96,113.96,113.96,113.96,101.61,-,,,,,,,,,,,,,
15/04/2020,113.99,113.99,113.99,113.99,101.63,-,,,,,,,,,,,,,
16/04/2020,114.58,114.58,114.58,114.58,102.17,-,,,,,,,,,,,,,
17/04/2020,114.5,114.5,114.5,114.5,102.09,-,,,,,,,,,,,,,
20/04/2020,114.4,114.4,114.4,114.03,101.67,256,,,,,,,,,,,,,
21/04/2020,113.36,115.17,113.36,114.26,101.88,814,,,,,,,,,,,,,
22/04/2020,114.15,114.15,114.15,114.15,101.78,-,,,,,,,,,,,,,
23/04/2020,114.6,114.6,114.6,114.32,101.92,769,,,,,,,,,,,,,
24/04/2020,115,115.13,115,114.22,101.84,848,,,,,,,,,,,,,
27/04/2020,114.5,115.13,114.5,113.93,101.59,274,,,,,,,,,,,,,
28/04/2020,114.2,114.2,114.2,114.14,101.77,403,,,,,,,,,,,,,
29/04/2020,114.21,114.21,114.21,114.21,101.84,-,,,,,,,,,,,,,
30/04/2020,114.26,114.26,114.26,114.26,101.88,-,,,,,,,,,,,,,
01/05/2020,113.1,113.1,113.1,114.01,101.65,10,,,,,,,,,,,,,
04/05/2020,114.62,114.62,114.62,114.21,101.83,43,,,,,,,,,,,,,
05/05/2020,114.88,114.88,114.88,113.97,101.62,691,,,,,,,,,,,,,
06/05/2020,113.43,113.43,113.43,113.43,101.13,-,,,,,,,,,,,,,
07/05/2020,114,114,112.6,113.5,101.2,1556,,,,,,,,,,,,,
11/05/2020,113.36,113.36,113.36,113.36,101.07,-,,,,,,,,,,,,,
12/05/2020,113.36,113.36,113.36,113.36,101.08,-,,,,,,,,,,,,,
13/05/2020,112.84,114.16,112.84,113.56,101.25,534,,,,,,,,,,,,,
14/05/2020,114,114.11,114,114.25,101.86,926,,,,,,,,,,,,,
15/05/2020,114.61,114.61,114.61,113.94,101.59,31233,,,,,,,,,,,,,
18/05/2020,113.88,113.88,113.88,113.88,101.53,-,,,,,,,,,,,,,
19/05/2020,113.92,113.92,113.92,113.92,101.57,-,,,,,,,,,,,,,
20/05/2020,113.34,113.34,113.34,114,101.64,110,,,,,,,,,,,,,
21/05/2020,114.42,114.42,114.42,114.42,102.02,-,,,,,,,,,,,,,
22/05/2020,114.47,114.47,114.47,114.47,102.06,-,,,,,,,,,,,,,
26/05/2020,114.96,114.96,114.96,114.42,102.01,399,,,,,,,,,,,,,
27/05/2020,114.4,114.4,114.4,114.4,102,-,,,,,,,,,,,,,
28/05/2020,114.29,114.29,114.29,114.29,101.91,-,,,,,,,,,,,,,
29/05/2020,114.38,114.38,114.38,114.38,101.98,-,,,,,,,,,,,,,
01/06/2020,114.54,114.54,114.54,114.54,102.13,-,,,,,,,,,,,,,
02/06/2020,114.66,114.66,114.66,114.45,102.04,42,,,,,,,,,,,,,
03/06/2020,114.35,114.88,114.35,114.24,101.85,897,,,,,,,,,,,,,
04/06/2020,114.46,114.46,114.46,114.07,101.71,1,,,,,,,,,,,,,
05/06/2020,114.02,114.02,113.44,113.88,101.54,1867,,,,,,,,,,,,,
08/06/2020,114.25,114.3,114.24,114.02,101.66,166,,,,,,,,,,,,,
09/06/2020,114.47,115.21,114.44,114.29,101.91,3804,,,,,,,,,,,,,
10/06/2020,115.18,115.18,114.49,114.86,102.41,4518,,,,,,,,,,,,,
11/06/2020,115.41,115.41,115.41,115.41,102.9,13,,,,,,,,,,,,,
12/06/2020,115.31,115.31,115.06,114.95,102.49,208,,,,,,,,,,,,,
15/06/2020,114.84,114.84,114.84,114.84,102.39,-,,,,,,,,,,,,,
16/06/2020,115.09,115.46,115.09,114.87,102.42,88,,,,,,,,,,,,,
17/06/2020,114.98,114.98,114.98,114.79,102.35,314,,,,,,,,,,,,,
18/06/2020,115.03,115.03,115.03,114.94,102.49,1010,,,,,,,,,,,,,
19/06/2020,115.22,115.22,115.22,115.03,102.56,81,,,,,,,,,,,,,
22/06/2020,115.24,115.39,115.23,115.15,102.67,2724,,,,,,,,,,,,,
23/06/2020,114.78,114.79,114.76,114.97,102.51,53,,,,,,,,,,,,,
24/06/2020,114.88,114.88,114.88,114.88,102.43,-,,,,,,,,,,,,,
25/06/2020,115.05,115.05,115.05,115.05,102.58,-,,,,,,,,,,,,,
26/06/2020,115.31,115.31,115.31,115.22,102.73,498,,,,,,,,,,,,,
29/06/2020,115.81,115.81,115.31,115.26,102.77,958,,,,,,,,,,,,,
30/06/2020,115.62,115.62,115.62,115.38,102.87,207,,,,,,,,,,,,,
01/07/2020,115.31,115.31,115.31,115.31,102.81,-,,,,,,,,,,,,,
02/07/2020,115.68,115.68,115.67,115.54,103.01,967,,,,,,,,,,,,,
03/07/2020,116.09,116.09,116.09,115.55,103.03,10,,,,,,,,,,,,,
06/07/2020,115.5,115.5,115.5,115.5,102.98,-,,,,,,,,,,,,,
07/07/2020,115.64,115.64,115.64,115.64,103.11,-,,,,,,,,,,,,,
08/07/2020,115.67,115.67,115.67,115.67,103.13,-,,,,,,,,,,,,,
09/07/2020,115.82,115.82,115.82,115.82,103.26,-,,,,,,,,,,,,,
10/07/2020,116.25,116.25,116.25,116.06,103.48,202,,,,,,,,,,,,,
13/07/2020,115.85,115.85,115.85,115.85,103.29,-,,,,,,,,,,,,,
14/07/2020,116.1,116.26,115.72,116.07,103.49,1149,,,,,,,,,,,,,
15/07/2020,116,116.22,116,116.03,103.45,269,,,,,,,,,,,,,
16/07/2020,116.05,116.43,116.05,116.24,103.64,5432,,,,,,,,,,,,,
17/07/2020,116.47,117.02,116.3,116.53,103.9,3002,,,,,,,,,,,,,
20/07/2020,116.53,116.53,116.53,116.32,103.71,737,,,,,,,,,,,,,
21/07/2020,116.57,116.57,116.16,116.36,103.75,1066,,,,,,,,,,,,,
22/07/2020,116.61,116.61,116.61,116.61,103.97,-,,,,,,,,,,,,,
23/07/2020,116.64,116.64,116.64,116.64,103.99,-,,,,,,,,,,,,,
24/07/2020,116.72,116.72,116.7,116.67,104.02,114,,,,,,,,,,,,,
27/07/2020,116.68,116.68,116.68,116.68,104.04,-,,,,,,,,,,,,,
28/07/2020,116.73,116.73,116.73,116.62,103.98,332,,,,,,,,,,,,,
29/07/2020,116.56,116.56,116.56,116.56,103.93,-,,,,,,,,,,,,,
30/07/2020,117.03,117.04,117.02,116.89,104.22,218,,,,,,,,,,,,,
31/07/2020,116.75,116.75,116.75,116.88,104.21,35,,,,,,,,,,,,,
03/08/2020,116.39,116.39,115.75,115.49,104.13,374,,,,,,,,,,,,,
04/08/2020,115.85,115.98,115.4,115.75,104.37,706,,,,,,,,,,,,,
05/08/2020,115.99,115.99,115.75,115.6,104.23,303,,,,,,,,,,,,,
06/08/2020,116.03,116.55,116.03,115.93,104.53,2152,,,,,,,,,,,,,
07/08/2020,115.81,115.81,115.81,115.81,104.42,-,,,,,,,,,,,,,
10/08/2020,115.58,115.92,115.58,115.64,104.26,1061,,,,,,,,,,,,,
11/08/2020,115.59,115.59,114.98,115.09,103.77,710,,,,,,,,,,,,,
12/08/2020,115.17,115.17,114.83,114.81,103.52,2435,,,,,,,,,,,,,
13/08/2020,114.77,115.16,114.77,114.88,103.58,307,,,,,,,,,,,,,
14/08/2020,114.79,114.79,114.44,114.61,103.33,426,,,,,,,,,,,,,
17/08/2020,114.76,114.76,114.76,114.61,103.34,86,,,,,,,,,,,,,
18/08/2020,114.85,114.85,114.85,114.63,103.35,203,,,,,,,,,,,,,
19/08/2020,114.69,114.69,114.69,114.86,103.56,435,,,,,,,,,,,,,
20/08/2020,114.78,114.78,114.78,114.78,103.48,-,,,,,,,,,,,,,
21/08/2020,115.07,115.07,115.07,114.88,103.57,71,,,,,,,,,,,,,
24/08/2020,114.72,114.72,114.72,114.83,103.54,959,,,,,,,,,,,,,
25/08/2020,114.37,114.37,114.37,114.49,103.22,176,,,,,,,,,,,,,
26/08/2020,114.43,114.43,114.43,114.43,103.17,-,,,,,,,,,,,,,
27/08/2020,114.21,114.21,114.21,114.21,102.97,-,,,,,,,,,,,,,
28/08/2020,114.13,114.14,114.13,114.29,103.05,124,,,,,,,,,,,,,
01/09/2020,115.28,115.28,113.96,114.53,103.26,2201,,,,,,,,,,,,,
02/09/2020,115.06,115.06,115.06,115.06,103.74,-,,,,,,,,,,,,,
03/09/2020,114.9,114.9,114.9,115.15,103.82,7,,,,,,,,,,,,,
04/09/2020,115.22,115.22,115.22,114.71,103.42,62,,,,,,,,,,,,,
07/09/2020,114.6,114.6,114.6,114.6,103.33,-,,,,,,,,,,,,,
08/09/2020,114.68,114.68,114.68,114.68,103.4,-,,,,,,,,,,,,,
09/09/2020,114.8,114.8,114.69,114.52,103.25,1270,,,,,,,,,,,,,
10/09/2020,114.4,114.4,114.4,114.4,103.15,-,,,,,,,,,,,,,
11/09/2020,115.16,115.24,114.43,114.7,103.42,7427,,,,,,,,,,,,,
14/09/2020,115,115,115,114.81,103.52,1040,,,,,,,,,,,,,
15/09/2020,114.73,114.73,114.73,114.83,103.53,8,,,,,,,,,,,,,
16/09/2020,115.43,115.43,114.73,114.69,103.41,4189,,,,,,,,,,,,,
17/09/2020,114.76,114.76,114.76,114.76,103.48,-,,,,,,,,,,,,,
18/09/2020,114.6,114.9,114.6,114.65,103.37,3109,,,,,,,,,,,,,
21/09/2020,115.35,115.35,114.94,114.65,103.38,13,,,,,,,,,,,,,
22/09/2020,114.83,114.83,114.83,114.57,103.3,835,,,,,,,,,,,,,
23/09/2020,114.48,114.48,114.48,114.48,103.22,-,,,,,,,,,,,,,
24/09/2020,114.61,114.62,114.61,114.44,103.19,396,,,,,,,,,,,,,
25/09/2020,114.41,114.41,114.41,114.41,103.16,-,,,,,,,,,,,,,
28/09/2020,115.15,115.15,114.67,114.5,103.24,13,,,,,,,,,,,,,
29/09/2020,114.7,114.77,114.7,114.62,103.34,131,,,,,,,,,,,,,
30/09/2020,114.37,114.37,114.37,114.37,103.12,-,,,,,,,,,,,,,
01/10/2020,114.46,114.46,114.46,114.46,103.21,-,,,,,,,,,,,,,
02/10/2020,114.41,114.41,114.41,114.41,103.16,-,,,,,,,,,,,,,
05/10/2020,114.2,114.2,114.2,114.2,102.97,-,,,,,,,,,,,,,
06/10/2020,114.32,114.32,114,114.07,102.85,544,,,,,,,,,,,,,
07/10/2020,114.14,114.14,114.14,114.14,102.92,-,,,,,,,,,,,,,
08/10/2020,114.32,114.32,114.32,114.18,102.95,35,,,,,,,,,,,,,
09/10/2020,114.33,114.33,114.33,114.33,103.08,-,,,,,,,,,,,,,
12/10/2020,114.84,114.84,114.84,114.33,103.08,411,,,,,,,,,,,,,
13/10/2020,114.75,114.75,114.34,114.34,103.09,19430,,,,,,,,,,,,,
14/10/2020,114.6,114.6,114.6,114.6,103.32,-,,,,,,,,,,,,,
15/10/2020,114.5,114.83,114.5,114.61,103.34,13079,,,,,,,,,,,,,
16/10/2020,114.5,114.5,114.5,114.5,103.23,-,,,,,,,,,,,,,
19/10/2020,114.39,114.48,114.36,114.29,103.04,76,,,,,,,,,,,,,
20/10/2020,114,114.33,114,114.17,102.93,322,,,,,,,,,,,,,
21/10/2020,114.3,114.3,114.3,114.18,102.95,187,,,,,,,,,,,,,
22/10/2020,114.39,114.39,114.16,113.92,102.71,890,,,,,,,,,,,,,
23/10/2020,114.09,114.09,114.09,113.9,102.7,256,,,,,,,,,,,,,
26/10/2020,114.3,114.3,114.1,114.19,102.96,122,,,,,,,,,,,,,
27/10/2020,114.44,114.44,114.44,114.3,103.06,22,,,,,,,,,,,,,
28/10/2020,114.63,114.63,114.53,114.31,103.06,216,,,,,,,,,,,,,
29/10/2020,114.03,114.03,114.03,114.03,102.81,-,,,,,,,,,,,,,
30/10/2020,113.85,113.85,113.85,113.85,102.65,-,,,,,,,,,,,,,
02/11/2020,114.01,114.17,113.67,113.94,102.74,287,,,,,,,,,,,,,
03/11/2020,113.75,114.06,113.75,113.83,102.64,573,,,,,,,,,,,,,
04/11/2020,115,115.06,114.59,114.34,103.09,1125,,,,,,,,,,,,,
05/11/2020,114.64,114.64,114.64,114.6,103.33,181,,,,,,,,,,,,,
06/11/2020,115,115,114.57,114.4,103.15,132,,,,,,,,,,,,,
09/11/2020,114.2,114.2,114.09,113.92,102.71,217,,,,,,,,,,,,,
10/11/2020,114.67,114.67,113.94,113.88,102.67,3090,,,,,,,,,,,,,
11/11/2020,114.1,114.1,113.88,113.79,102.6,318,,,,,,,,,,,,,
12/11/2020,114.13,114.13,114.13,114.13,102.9,-,,,,,,,,,,,,,
13/11/2020,114.47,114.47,114.47,114.26,103.02,231,,,,,,,,,,,,,
16/11/2020,114.46,114.46,114.46,114.29,103.05,61,,,,,,,,,,,,,
17/11/2020,114.64,114.7,114.63,114.42,103.16,253,,,,,,,,,,,,,
18/11/2020,114.77,114.83,114.76,114.49,103.23,601,,,,,,,,,,,,,
19/11/2020,114.83,114.83,114.83,114.83,103.53,-,,,,,,,,,,,,,
20/11/2020,115,115,115,114.93,103.62,218,,,,,,,,,,,,,
23/11/2020,114.93,114.93,114.93,114.89,103.59,28,,,,,,,,,,,,,
24/11/2020,114.71,115.12,114.66,114.95,103.64,1756,,,,,,,,,,,,,
25/11/2020,115.04,115.04,114.81,114.86,103.56,66,,,,,,,,,,,,,
26/11/2020,114.94,114.94,114.94,114.83,103.53,293,,,,,,,,,,,,,
27/11/2020,114.97,114.97,114.97,114.97,103.66,-,,,,,,,,,,,,,
30/11/2020,114.39,115.11,114.39,114.89,103.59,5087,,,,,,,,,,,,,
01/12/2020,115.04,115.04,114.65,114.76,103.48,178,,,,,,,,,,,,,
02/12/2020,114.79,114.84,114.68,114.51,103.25,532,,,,,,,,,,,,,
03/12/2020,114.61,114.61,114.61,114.61,103.34,-,,,,,,,,,,,,,
04/12/2020,114.88,114.88,114.7,114.44,103.18,610,,,,,,,,,,,,,
07/12/2020,114.63,114.63,114.63,114.63,103.35,-,,,,,,,,,,,,,
08/12/2020,114.41,114.93,114.38,114.71,103.43,1263,,,,,,,,,,,,,
09/12/2020,114.44,114.44,114.44,114.44,103.19,-,,,,,,,,,,,,,
10/12/2020,114.65,114.74,114.65,114.64,103.36,200,,,,,,,,,,,,,
11/12/2020,114.96,114.96,114.96,114.96,103.65,-,,,,,,,,,,,,,
14/12/2020,114.79,114.79,114.76,114.79,103.49,1165,,,,,,,,,,,,,
15/12/2020,115.12,115.12,114.5,114.88,103.58,158,,,,,,,,,,,,,
16/12/2020,114.89,114.89,114.72,114.83,103.54,440,,,,,,,,,,,,,
17/12/2020,115.02,115.22,115.02,115,103.68,597,,,,,,,,,,,,,
18/12/2020,114.88,114.88,114.88,114.88,103.57,-,,,,,,,,,,,,,
21/12/2020,114.83,114.83,114.83,114.83,103.53,-,,,,,,,,,,,,,
22/12/2020,115.21,115.34,114.93,114.75,103.47,4855,,,,,,,,,,,,,
23/12/2020,115.15,115.15,115.15,114.67,103.39,500,,,,,,,,,,,,,
24/12/2020,114.85,114.85,114.85,114.85,103.55,-,,,,,,,,,,,,,
29/12/2020,115.27,115.49,115.27,115.1,103.77,32,,,,,,,,,,,,,
30/12/2020,115.09,115.22,115.09,114.9,103.6,1219,,,,,,,,,,,,,
31/12/2020,115.44,115.44,115.44,115.13,103.8,85,,,,,,,,,,,,,
04/01/2021,115.34,115.35,114.8,114.96,103.66,4130,,,,,,,,,,,,,
05/01/2021,115.14,115.18,115.13,114.83,103.54,610,,,,,,,,,,,,,
06/01/2021,114.28,114.28,114.28,114.24,103,329,,,,,,,,,,,,,
07/01/2021,114.43,114.48,114.42,114.11,102.89,500,,,,,,,,,,,,,
08/01/2021,114.01,114.19,113.81,113.81,102.61,728,,,,,,,,,,,,,
11/01/2021,113.55,114.26,113.55,113.86,102.66,213,,,,,,,,,,,,,
12/01/2021,113.72,114.07,113.72,113.78,102.58,167,,,,,,,,,,,,,
13/01/2021,114.43,114.43,114.43,114.43,103.17,786,,,,,,,,,,,,,
14/01/2021,114.5,114.59,114.5,114.43,103.17,192,,,,,,,,,,,,,
15/01/2021,114.22,114.22,114.22,114.22,102.99,-,,,,,,,,,,,,,
18/01/2021,115.07,115.07,114.15,114.25,103.02,197,,,,,,,,,,,,,
19/01/2021,114.32,114.54,114.32,114.43,103.18,722,,,,,,,,,,,,,
20/01/2021,114.54,114.54,114.19,114.42,103.16,993,,,,,,,,,,,,,
21/01/2021,114.6,114.6,113.58,114.32,103.07,2714,,,,,,,,,,,,,
22/01/2021,114.43,114.43,114.11,114.26,103.02,74,,,,,,,,,,,,,
25/01/2021,114.46,114.46,114.46,114.57,103.3,532,,,,,,,,,,,,,
26/01/2021,114.36,114.72,114.36,114.56,103.29,196,,,,,,,,,,,,,
27/01/2021,115.37,115.37,114.66,114.64,103.36,309,,,,,,,,,,,,,
28/01/2021,114.77,114.77,114.77,114.49,103.23,9,,,,,,,,,,,,,
29/01/2021,114.39,114.39,114.39,114.37,103.12,16,,,,,,,,,,,,,
01/02/2021,113.88,113.88,113.88,113.29,103.18,42,,,,,,,,,,,,,
02/02/2021,113.12,113.14,112.8,112.96,102.88,1042,,,,,,,,,,,,,
03/02/2021,113.23,113.24,113.23,113.25,103.15,254,,,,,,,,,,,,,
04/02/2021,113.1,113.1,113.05,112.9,102.83,274,,,,,,,,,,,,,
05/02/2021,113.22,113.23,113.22,113.14,103.04,1356,,,,,,,,,,,,,
08/02/2021,112.01,113.02,112.01,112.89,102.82,76,,,,,,,,,,,,,
09/02/2021,113.3,113.3,113.07,113.1,103,325,,,,,,,,,,,,,
10/02/2021,113.15,113.15,112.97,112.79,102.72,645,,,,,,,,,,,,,
11/02/2021,113.22,113.22,113.15,112.93,102.85,494,,,,,,,,,,,,,
12/02/2021,113.03,113.03,112.87,112.87,102.8,625,,,,,,,,,,,,,
15/02/2021,112.46,112.46,112.46,112.46,102.42,-,,,,,,,,,,,,,
16/02/2021,112.71,112.71,112.46,112.44,102.4,1055,,,,,,,,,,,,,
17/02/2021,112.27,112.27,112.27,112.27,102.25,-,,,,,,,,,,,,,
18/02/2021,112.37,112.6,112.14,112.43,102.4,73,,,,,,,,,,,,,
19/02/2021,112.28,112.28,112.28,112,102,132,,,,,,,,,,,,,
22/02/2021,112.37,112.37,112.37,111.79,101.81,100,,,,,,,,,,,,,
23/02/2021,112.2,112.2,111.62,111.53,101.58,106,,,,,,,,,,,,,
24/02/2021,111.01,111.01,111.01,111.28,101.35,196,,,,,,,,,,,,,
25/02/2021,111.36,111.36,111.33,110.95,101.05,88,,,,,,,,,,,,,
26/02/2021,111.13,111.13,111.03,110.83,100.94,253,,,,,,,,,,,,,
01/03/2021,111.9,111.9,111.07,111.24,101.31,144,,,,,,,,,,,,,
02/03/2021,111.25,111.47,111.02,111.28,101.35,267,,,,,,,,,,,,,
03/03/2021,111.25,111.25,111.22,111.04,101.13,110,,,,,,,,,,,,,
04/03/2021,111.23,111.23,110.37,111.06,101.15,2910,,,,,,,,,,,,,
05/03/2021,110.52,110.52,110.52,110.52,100.66,-,,,,,,,,,,,,,
08/03/2021,110.58,110.58,110.58,110.34,100.49,18,,,,,,,,,,,,,
09/03/2021,110.32,110.43,110.21,110.26,100.42,1975,,,,,,,,,,,,,
10/03/2021,110.46,110.46,110.46,110.42,100.56,118,,,,,,,,,,,,,
11/03/2021,110.34,110.65,110.34,110.52,100.66,5836,,,,,,,,,,,,,
12/03/2021,110.07,110.07,110.07,110.07,100.25,-,,,,,,,,,,,,,
15/03/2021,110.23,110.23,110.23,110.08,100.26,115,,,,,,,,,,,,,
16/03/2021,109.99,110.29,109.91,110.04,100.21,432,,,,,,,,,,,,,
17/03/2021,109.76,109.76,109.76,109.76,99.97,-,,,,,,,,,,,,,
18/03/2021,109.71,109.71,109.68,109.67,99.88,96,,,,,,,,,,,,,
19/03/2021,110.31,110.31,109.81,109.69,99.9,346,,,,,,,,,,,,,
22/03/2021,110,110,110,109.78,99.98,43,,,,,,,,,,,,,
23/03/2021,110.14,110.14,110.14,110,100.18,27,,,,,,,,,,,,,
24/03/2021,110.22,110.22,109.98,110.13,100.3,77,,,,,,,,,,,,,
25/03/2021,110.39,110.39,110.1,110.19,100.36,878,,,,,,,,,,,,,
26/03/2021,110.14,110.14,110.14,110.14,100.31,-,,,,,,,,,,,,,
29/03/2021,110.76,110.76,110.27,109.93,100.12,47,,,,,,,,,,,,,
30/03/2021,109.78,109.78,109.78,109.78,99.98,-,,,,,,,,,,,,,
31/03/2021,110.08,110.38,110.08,110.05,100.23,418,,,,,,,,,,,,,
01/04/2021,110.42,110.42,110.42,110.42,100.56,-,,,,,,,,,,,,,
06/04/2021,111.24,112.22,110.05,110.61,100.74,7635,,,,,,,,,,,,,
07/04/2021,110.68,110.88,110.68,110.52,100.66,2395,,,,,,,,,,,,,
08/04/2021,109.82,110.59,109.82,110.45,100.59,9252,,,,,,,,,,,,,
09/04/2021,110.47,110.47,110.47,110.47,100.61,-,,,,,,,,,,,,,
12/04/2021,110.47,110.77,110.37,110.36,100.51,1722,,,,,,,,,,,,,
13/04/2021,110.27,110.27,110.27,110.42,100.56,35,,,,,,,,,,,,,
14/04/2021,110.77,110.97,110.77,110.83,100.94,1280,,,,,,,,,,,,,
15/04/2021,110.82,111.09,110.82,111.08,101.17,304,,,,,,,,,,,,,
16/04/2021,111.07,111.07,111.01,110.86,100.97,5269,,,,,,,,,,,,,
19/04/2021,110.96,111.08,110.96,110.82,100.92,79,,,,,,,,,,,,,
20/04/2021,110.91,110.94,110.91,110.79,100.9,42,,,,,,,,,,,,,
21/04/2021,110.8,111.24,110.75,110.85,100.95,1354,,,,,,,,,,,,,
22/04/2021,111.12,111.12,111.12,110.99,101.08,202,,,,,,,,,,,,,
23/04/2021,111.12,111.23,111.12,110.92,101.02,1384,,,,,,,,,,,,,
26/04/2021,111.08,111.3,111.08,111.21,101.29,26,,,,,,,,,,,,,
27/04/2021,111.05,111.05,110.76,110.9,101.01,1208,,,,,,,,,,,,,
28/04/2021,110.8,110.82,110.74,110.63,100.75,123,,,,,,,,,,,,,
29/04/2021,110.62,110.75,110.61,110.75,100.87,18910,,,,,,,,,,,,,
30/04/2021,110.72,110.72,110.72,110.72,100.84,-,,,,,,,,,,,,,
04/05/2021,110.04,111.23,110.04,111,101.09,485,,,,,,,,,,,,,
05/05/2021,111.08,111.08,111.08,110.99,101.08,14,,,,,,,,,,,,,
06/05/2021,111.07,111.07,111.07,111.07,101.15,-,,,,,,,,,,,,,
07/05/2021,111.19,111.19,111.19,111.19,101.27,-,,,,,,,,,,,,,
10/05/2021,111.14,111.14,110.94,111.05,101.14,176,,,,,,,,,,,,,
11/05/2021,110.82,110.82,110.1,110.66,100.78,2269,,,,,,,,,,,,,
12/05/2021,110.37,110.37,110.37,110.37,100.52,-,,,,,,,,,,,,,
13/05/2021,110.61,110.61,110.61,110.47,100.61,29,,,,,,,,,,,,,
14/05/2021,110.8,110.8,110.72,110.7,100.82,3633,,,,,,,,,,,,,
17/05/2021,110.81,110.81,110.81,110.81,100.92,-,,,,,,,,,,,,,
18/05/2021,110.71,110.71,110.68,110.54,100.67,413,,,,,,,,,,,,,
19/05/2021,110.7,110.7,110.7,110.56,100.69,2586,,,,,,,,,,,,,
20/05/2021,110.63,110.64,110.63,110.57,100.7,587,,,,,,,,,,,,,
21/05/2021,110.57,110.85,110.45,110.61,100.74,2159,,,,,,,,,,,,,
24/05/2021,110.57,110.57,110.57,110.73,100.85,3,,,,,,,,,,,,,
25/05/2021,111.14,111.14,111.14,110.99,101.08,25,,,,,,,,,,,,,
26/05/2021,111.23,111.23,111.22,111.13,101.21,13,,,,,,,,,,,,,
27/05/2021,110.99,110.99,110.99,110.99,101.08,-,,,,,,,,,,,,,
28/05/2021,111.21,111.21,111.21,111.03,101.12,39,,,,,,,,,,,,,
01/06/2021,110.8,111.07,110.8,110.85,100.95,724,,,,,,,,,,,,,
02/06/2021,111.17,111.22,110.95,111.08,101.17,744,,,,,,,,,,,,,
03/06/2021,110.92,110.92,110.92,110.92,101.02,-,,,,,,,,,,,,,
04/06/2021,110.95,111.34,110.95,111.21,101.28,2703,,,,,,,,,,,,,
07/06/2021,111.35,111.35,111.35,111.21,101.28,10,,,,,,,,,,,,,
08/06/2021,111.52,111.52,111.52,111.38,101.44,47,,,,,,,,,,,,,
09/06/2021,111.54,111.62,111.33,111.51,101.56,1031,,,,,,,,,,,,,
10/06/2021,111.55,111.55,111.55,111.57,101.61,1000,,,,,,,,,,,,,
11/06/2021,111.92,111.92,111.92,111.7,101.73,6,,,,,,,,,,,,,
14/06/2021,111.86,111.86,111.8,111.57,101.61,136,,,,,,,,,,,,,
15/06/2021,111.64,111.64,111.64,111.55,101.59,12,,,,,,,,,,,,,
16/06/2021,111.66,111.68,111.66,111.59,101.63,4681,,,,,,,,,,,,,
17/06/2021,111.43,111.43,111.38,111.4,101.46,2907,,,,,,,,,,,,,
18/06/2021,111.75,111.91,111.75,111.67,101.7,1317,,,,,,,,,,,,,
21/06/2021,111.65,111.65,111.65,111.65,101.69,-,,,,,,,,,,,,,
22/06/2021,111.28,111.28,111.28,111.58,101.63,54,,,,,,,,,,,,,
23/06/2021,111.55,111.93,111.55,111.61,101.65,2792,,,,,,,,,,,,,
24/06/2021,111.83,111.87,111.83,111.69,101.73,635,,,,,,,,,,,,,
25/06/2021,111.61,111.8,111.61,111.42,101.48,2136,,,,,,,,,,,,,
28/06/2021,111.79,111.79,111.79,111.75,101.78,120,,,,,,,,,,,,,
29/06/2021,111.64,111.64,111.64,111.77,101.79,12,,,,,,,,,,,,,
30/06/2021,111.77,112.05,111.77,111.93,101.94,389,,,,,,,,,,,,,
01/07/2021,111.93,111.93,111.93,111.82,101.84,4,,,,,,,,,,,,,
02/07/2021,111.93,112.17,111.93,112.1,102.09,187,,,,,,,,,,,,,
05/07/2021,112,112.25,112,112.04,102.04,187,,,,,,,,,,,,,
06/07/2021,112.43,112.72,112.43,112.57,102.52,806,,,,,,,,,,,,,
07/07/2021,112.65,112.92,112.38,112.71,102.65,656,,,,,,,,,,,,,
08/07/2021,113,113,112.83,112.78,102.71,1013,,,,,,,,,,,,,
09/07/2021,112.46,112.46,112.46,112.46,102.42,-,,,,,,,,,,,,,
12/07/2021,112.63,112.63,112.49,112.49,102.45,1725,,,,,,,,,,,,,
13/07/2021,112.58,112.64,111.68,112.43,102.4,134,,,,,,,,,,,,,
14/07/2021,112.4,112.4,112.4,112.4,102.37,-,,,,,,,,,,,,,
15/07/2021,112.71,112.72,112.71,112.46,102.42,24,,,,,,,,,,,,,
16/07/2021,112.68,112.78,112.68,112.64,102.59,81,,,,,,,,,,,,,
19/07/2021,113.13,113.13,113.13,113.13,103.03,-,,,,,,,,,,,,,
20/07/2021,113.54,113.54,113.07,113.11,103.01,927,,,,,,,,,,,,,
21/07/2021,113.03,113.03,113.03,112.89,102.81,117,,,,,,,,,,,,,
22/07/2021,113,113.01,112.57,112.99,102.9,302,,,,,,,,,,,,,
23/07/2021,112.93,112.93,112.93,112.76,102.7,15,,,,,,,,,,,,,
26/07/2021,112.93,112.93,112.93,112.93,102.85,-,,,,,,,,,,,,,
27/07/2021,113.13,113.13,113.13,112.99,102.9,38,,,,,,,,,,,,,
28/07/2021,113.06,113.06,113.06,112.91,102.83,342,,,,,,,,,,,,,
29/07/2021,113.11,113.11,113.09,113.13,103.03,458,,,,,,,,,,,,,
30/07/2021,112.8,113.3,112.8,113.05,102.96,281,,,,,,,,,,,,,
02/08/2021,112.49,112.49,112.49,112.43,103.33,75,,,,,,,,,,,,,
03/08/2021,112.57,112.57,112.57,112.43,103.33,13,,,,,,,,,,,,,
04/08/2021,112.54,112.74,112.43,112.25,103.16,837,,,,,,,,,,,,,
05/08/2021,112.36,112.36,112.36,112.36,103.26,-,,,,,,,,,,,,,
06/08/2021,112.19,112.19,112.19,111.64,102.6,500,,,,,,,,,,,,,
09/08/2021,111.55,111.75,111.55,111.61,102.58,429,,,,,,,,,,,,,
10/08/2021,111.26,111.26,111.26,111.43,102.4,8,,,,,,,,,,,,,
11/08/2021,111.14,111.31,111.14,111.31,102.29,7263,,,,,,,,,,,,,
12/08/2021,111.25,111.25,111.25,111.66,102.4,8,,,,,,,,,,,,,
13/08/2021,111.75,111.79,111.75,111.66,102.62,270,,,,,,,,,,,,,
16/08/2021,112.16,112.16,112.16,111.99,102.92,169,,,,,,,,,,,,,
17/08/2021,112.15,112.15,111.99,111.82,102.76,186,,,,,,,,,,,,,
18/08/2021,111.95,111.95,111.9,111.72,102.68,109,,,,,,,,,,,,,
19/08/2021,111.92,111.92,111.92,111.92,102.85,-,,,,,,,,,,,,,
20/08/2021,112.04,112.04,112.04,112,102.93,580,,,,,,,,,,,,,
23/08/2021,112.01,112.01,112.01,112.04,102.96,187,,,,,,,,,,,,,
24/08/2021,111.73,112.1,111.73,111.93,102.86,1523,,,,,,,,,,,,,
25/08/2021,111.61,111.61,111.61,111.61,102.57,-,,,,,,,,,,,,,
26/08/2021,111.7,111.7,111.69,111.6,102.56,151,,,,,,,,,,,,,
27/08/2021,111.74,111.74,111.36,111.65,102.61,351,,,,,,,,,,,,,
31/08/2021,112.15,112.17,111.87,111.89,102.82,381,,,,,,,,,,,,,
01/09/2021,112.02,112.02,112.02,111.85,102.79,24,,,,,,,,,,,,,
02/09/2021,112.05,112.24,112,112.11,103.03,68,,,,,,,,,,,,,
03/09/2021,112,112.03,112,111.86,102.8,111,,,,,,,,,,,,,
06/09/2021,112.06,112.06,111.61,111.8,102.75,97,,,,,,,,,,,,,
07/09/2021,111.54,111.54,111.54,111.54,102.51,5058,,,,,,,,,,,,,
08/09/2021,111.83,111.83,111.5,111.65,102.61,3289,,,,,,,,,,,,,
09/09/2021,111.58,111.86,111.58,111.87,102.81,237,,,,,,,,,,,,,
10/09/2021,112,112.08,112,111.83,102.78,611,,,,,,,,,,,,,
13/09/2021,111.96,111.96,111.96,111.96,102.89,-,,,,,,,,,,,,,
14/09/2021,112.02,112.04,112.02,112.15,103.07,274,,,,,,,,,,,,,
15/09/2021,111.97,112.29,111.97,112.08,103.01,119,,,,,,,,,,,,,
16/09/2021,112,112,112,112,102.92,-,,,,,,,,,,,,,
17/09/2021,111.56,111.56,111.56,111.7,102.65,1,,,,,,,,,,,,,
20/09/2021,111.99,111.99,111.99,111.99,102.92,-,,,,,,,,,,,,,
21/09/2021,112.21,112.21,111.92,112.07,102.99,64,,,,,,,,,,,,,
22/09/2021,112.2,112.22,112.07,112.11,103.03,1713,,,,,,,,,,,,,
23/09/2021,111.94,111.99,111.94,111.68,102.64,1466,,,,,,,,,,,,,
24/09/2021,111.21,111.21,111.21,111.43,102.41,191,,,,,,,,,,,,,
27/09/2021,111.29,111.29,111.29,111.29,102.28,-,,,,,,,,,,,,,
28/09/2021,110.9,110.98,110.9,111.02,102.03,1268,,,,,,,,,,,,,
29/09/2021,111.08,111.08,110.96,111.14,102.14,44,,,,,,,,,,,,,
30/09/2021,111.03,111.03,110.95,110.75,101.78,227,,,,,,,,,,,,,
01/10/2021,111.16,111.16,111.16,110.97,101.99,19,,,,,,,,,,,,,
04/10/2021,110.95,111.31,110.81,111.11,102.12,390,,,,,,,,,,,,,
05/10/2021,111.3,111.3,110.74,110.92,101.93,538,,,,,,,,,,,,,
06/10/2021,110.88,110.88,110.88,110.88,101.9,-,,,,,,,,,,,,,
07/10/2021,110.83,110.83,110.56,110.69,101.72,2390,,,,,,,,,,,,,
08/10/2021,110.6,110.6,110.6,110.36,101.43,5,,,,,,,,,,,,,
11/10/2021,110.2,110.2,110.16,110.13,101.21,205,,,,,,,,,,,,,
12/10/2021,110.2,110.26,110.2,110.5,101.55,4488,,,,,,,,,,,,,
13/10/2021,110.77,110.77,110.77,110.74,101.77,119,,,,,,,,,,,,,
14/10/2021,110.63,110.63,110.63,110.8,101.83,875,,,,,,,,,,,,,
15/10/2021,110.57,111.01,110.57,110.75,101.78,667,,,,,,,,,,,,,
18/10/2021,110.77,110.77,110.77,110.67,101.71,19,,,,,,,,,,,,,
19/10/2021,110.49,110.65,110.49,110.48,101.53,86,,,,,,,,,,,,,
20/10/2021,110.32,110.32,110.32,110.45,101.5,1,,,,,,,,,,,,,
21/10/2021,110.42,110.42,110.42,110.14,101.21,68,,,,,,,,,,,,,
22/10/2021,109.87,110.35,109.87,110.07,101.15,386,,,,,,,,,,,,,
25/10/2021,110.3,110.39,110.25,110.29,101.36,543,,,,,,,,,,,,,
26/10/2021,110.59,110.59,110.22,110.31,101.37,365,,,,,,,,,,,,,
27/10/2021,110.64,110.72,110.64,110.71,101.74,65,,,,,,,,,,,,,
28/10/2021,111.05,111.1,111.05,110.97,101.99,145,,,,,,,,,,,,,
29/10/2021,110.78,110.78,110.78,110.78,101.81,-,,,,,,,,,,,,,
01/11/2021,110.88,110.88,110.88,110.72,101.75,279,,,,,,,,,,,,,
02/11/2021,110.71,111.01,110.7,110.96,101.98,944,,,,,,,,,,,,,
03/11/2021,111.2,111.2,111.07,110.98,101.99,21,,,,,,,,,,,,,
04/11/2021,110.88,110.88,110.88,111.17,102.16,1,,,,,,,,,,,,,
05/11/2021,111.57,111.57,111.57,111.47,102.45,614,,,,,,,,,,,,,
08/11/2021,111.54,111.55,111.27,111.44,102.41,1221,,,,,,,,,,,,,
09/11/2021,111.48,111.79,111.48,111.76,102.71,134,,,,,,,,,,,,,
10/11/2021,111.31,111.66,111.31,111.22,102.21,127,,,,,,,,,,,,,
11/11/2021,111.16,111.16,111.15,110.97,101.99,185,,,,,,,,,,,,,
12/11/2021,110.98,110.98,110.96,110.85,101.87,246,,,,,,,,,,,,,
15/11/2021,111.34,111.34,110.86,110.58,101.63,565,,,,,,,,,,,,,
16/11/2021,110.29,110.29,110.29,110.42,101.48,245,,,,,,,,,,,,,
17/11/2021,110.3,110.3,110.3,110.3,101.37,-,,,,,,,,,,,,,
18/11/2021,110.62,110.62,110.62,110.52,101.57,379,,,,,,,,,,,,,
19/11/2021,111.01,111.01,111.01,110.91,101.93,6642,,,,,,,,,,,,,
22/11/2021,110.65,110.65,110.39,110.53,101.58,1347,,,,,,,,,,,,,
23/11/2021,110.2,110.2,110.2,110.2,101.27,-,,,,,,,,,,,,,
24/11/2021,110.05,110.05,110.05,110.05,101.14,-,,,,,,,,,,,,,
25/11/2021,110.1,110.1,109.93,110.04,101.13,1364,,,,,,,,,,,,,
26/11/2021,110.68,110.72,110.65,110.64,101.68,2833,,,,,,,,,,,,,
29/11/2021,110.79,110.79,110.41,110.71,101.74,150,,,,,,,,,,,,,
30/11/2021,111.06,111.17,111.06,110.99,102,294,,,,,,,,,,,,,
01/12/2021,110.9,110.9,110.9,110.9,101.92,-,,,,,,,,,,,,,
02/12/2021,111.07,111.07,111.07,111.07,102.07,-,,,,,,,,,,,,,
03/12/2021,110.9,111.11,110.9,111.32,102.3,219,,,,,,,,,,,,,
06/12/2021,111.59,111.61,111.59,111.43,102.4,84,,,,,,,,,,,,,
07/12/2021,111.1,111.1,111.1,111.18,102.18,3518,,,,,,,,,,,,,
08/12/2021,111.19,111.19,110.96,110.71,101.75,580,,,,,,,,,,,,,
09/12/2021,110.82,110.82,110.82,110.79,101.81,2096,,,,,,,,,,,,,
10/12/2021,110.52,110.96,110.52,110.87,101.89,390,,,,,,,,,,,,,
13/12/2021,111.16,111.16,111.16,111.05,102.06,225,,,,,,,,,,,,,
14/12/2021,111.22,111.22,111.22,111.02,102.03,11,,,,,,,,,,,,,
15/12/2021,111.01,111.01,111.01,110.92,101.94,117,,,,,,,,,,,,,
16/12/2021,110.7,110.7,110.7,111,102.01,900,,,,,,,,,,,,,
17/12/2021,111.31,111.31,111.31,111.15,102.15,48,,,,,,,,,,,,,
20/12/2021,111.4,111.42,111.21,111.25,102.24,1899,,,,,,,,,,,,,
21/12/2021,110.85,110.85,110.58,110.78,101.81,173,,,,,,,,,,,,,
22/12/2021,110.83,110.83,110.83,110.83,101.85,-,,,,,,,,,,,,,
23/12/2021,110.78,110.78,110.78,110.78,101.8,-,,,,,,,,,,,,,
24/12/2021,110.65,110.65,110.65,110.65,101.69,-,,,,,,,,,,,,,
29/12/2021,111,111,110.39,110.54,101.58,3181,,,,,,,,,,,,,
30/12/2021,110.69,110.69,110.69,110.57,101.62,219,,,,,,,,,,,,,
31/12/2021,110.63,110.63,110.63,110.63,101.67,-,,,,,,,,,,,,,
04/01/2022,110.4,110.4,110.05,109.93,101.03,396,,,,,,,,,,,,,
05/01/2022,109.85,109.87,109.7,109.93,101.03,1705,,,,,,,,,,,,,
06/01/2022,109.5,109.64,109.23,109.49,100.62,3032,,,,,,,,,,,,,
07/01/2022,109.6,109.6,109.32,109.26,100.41,1458,,,,,,,,,,,,,
10/01/2022,109.24,109.24,109.24,109.08,100.25,9,,,,,,,,,,,,,
11/01/2022,109.16,109.16,109.16,109.14,100.3,9,,,,,,,,,,,,,
12/01/2022,109.19,109.19,109.19,109.37,100.51,458,,,,,,,,,,,,,
13/01/2022,109.09,109.09,109.09,109.25,100.4,2,,,,,,,,,,,,,
14/01/2022,109.13,109.13,109.11,109.22,100.38,167,,,,,,,,,,,,,
17/01/2022,109.03,109.03,109.03,108.79,99.98,170,,,,,,,,,,,,,
18/01/2022,108.7,108.7,108.19,108.19,99.43,6275,,,,,,,,,,,,,
19/01/2022,108.46,108.99,108.46,108.39,99.62,89,,,,,,,,,,,,,
20/01/2022,108.5,108.5,108.5,108.5,99.71,-,,,,,,,,,,,,,
21/01/2022,108.78,108.78,108.78,108.75,99.94,43,,,,,,,,,,,,,
24/01/2022,108.95,109.09,108.82,108.91,100.09,387,,,,,,,,,,,,,
25/01/2022,108.92,109.19,108.73,109.02,100.19,3727,,,,,,,,,,,,,
26/01/2022,108.59,108.83,108.55,108.74,99.93,637,,,,,,,,,,,,,
27/01/2022,108.36,108.36,108.36,108.36,99.58,-,,,,,,,,,,,,,
28/01/2022,108.43,108.43,108.39,108.37,99.59,123,,,,,,,,,,,,,
31/01/2022,108.58,108.58,108.58,108.41,99.63,211,,,,,,,,,,,,,
01/02/2022,107.54,107.81,107.54,107.41,99.55,551,,,,,,,,,,,,,
02/02/2022,107.75,107.89,107.54,107.76,99.88,2397,,,,,,,,,,,,,
03/02/2022,107.26,107.26,107.26,107.26,99.41,-,,,,,,,,,,,,,
04/02/2022,107.43,107.43,106.61,106.81,98.99,1764,,,,,,,,,,,,,
07/02/2022,106.79,106.79,106.79,106.63,98.82,89,,,,,,,,,,,,,
08/02/2022,106.41,106.55,106.21,106.21,98.44,6743,,,,,,,,,,,,,
09/02/2022,106.6,106.65,106.35,106.48,98.69,334,,,,,,,,,,,,,
10/02/2022,106.5,106.5,105.95,105.68,97.94,4246,,,,,,,,,,,,,
11/02/2022,105.67,105.89,105.58,105.57,97.85,4898,,,,,,,,,,,,,
14/02/2022,105.93,105.93,105.52,105.44,97.73,4826,,,,,,,,,,,,,
15/02/2022,105.48,105.57,105.3,105.46,97.75,2319,,,,,,,,,,,,,
16/02/2022,105.56,105.57,105.2,105.35,97.64,2798,,,,,,,,,,,,,
17/02/2022,105.37,105.37,105.37,105.62,97.89,103,,,,,,,,,,,,,
18/02/2022,105.65,105.65,105.65,105.65,97.92,-,,,,,,,,,,,,,
21/02/2022,105.7,105.7,105.7,105.7,97.97,-,,,,,,,,,,,,,
22/02/2022,105.64,106.05,105.64,105.67,97.93,1620,,,,,,,,,,,,,
23/02/2022,105.39,105.64,105.38,105.56,97.83,453,,,,,,,,,,,,,
24/02/2022,105.45,105.45,105.45,105.67,97.93,13,,,,,,,,,,,,,
25/02/2022,105.41,105.41,105.41,105.41,97.7,-,,,,,,,,,,,,,
28/02/2022,105.87,106.22,105.87,106.33,98.55,293,,,,,,,,,,,,,
01/03/2022,106.87,107.17,106.22,106.82,99,1015,,,,,,,,,,,,,
02/03/2022,107.02,107.02,107.02,106.26,98.49,30,,,,,,,,,,,,,
03/03/2022,105.98,105.98,105.98,105.98,98.23,-,,,,,,,,,,,,,
04/03/2022,106.51,106.51,106.51,106.51,98.72,-,,,,,,,,,,,,,
07/03/2022,106.56,106.64,106.56,106.14,98.37,417,,,,,,,,,,,,,
08/03/2022,106.04,106.04,105.17,105.61,97.88,122,,,,,,,,,,,,,
09/03/2022,104.79,104.79,104.79,105.31,97.6,229,,,,,,,,,,,,,
10/03/2022,104.86,104.86,104.86,104.86,97.19,-,,,,,,,,,,,,,
11/03/2022,105.14,105.14,105.14,104.61,96.96,1,,,,,,,,,,,,,
14/03/2022,104.13,104.57,103.53,103.53,95.95,4952,,,,,,,,,,,,,
15/03/2022,103.95,103.95,103.95,103.75,96.15,1382,,,,,,,,,,,,,
16/03/2022,103.71,103.71,103.71,103.71,96.12,-,,,,,,,,,,,,,
17/03/2022,104.07,104.07,104.07,103.89,96.29,42,,,,,,,,,,,,,
18/03/2022,104.07,104.18,104.07,104.28,96.65,2615,,,,,,,,,,,,,
21/03/2022,104.01,104.01,103.77,103.81,96.21,3160,,,,,,,,,,,,,
22/03/2022,103.05,103.14,102.86,103.01,95.48,5591,,,,,,,,,,,,,
23/03/2022,102.54,103.52,102.54,103.04,95.5,272,,,,,,,,,,,,,
24/03/2022,103.07,103.07,102.97,103.23,95.68,2806,,,,,,,,,,,,,
25/03/2022,103.1,103.1,102.42,102.5,95,6995,,,,,,,,,,,,,
28/03/2022,102.57,102.57,102.57,102.68,95.17,308,,,,,,,,,,,,,
29/03/2022,102.89,102.89,102.89,102.89,95.36,-,,,,,,,,,,,,,
30/03/2022,103.1,103.1,103.1,103.1,95.55,-,,,,,,,,,,,,,
31/03/2022,103.44,103.44,103.44,103.44,95.87,-,,,,,,,,,,,,,
01/04/2022,103.47,103.47,102.75,103.12,95.57,1534,,,,,,,,,,,,,
04/04/2022,102.59,103.58,102.59,103.23,95.68,3068,,,,,,,,,,,,,
05/04/2022,102.9,103.13,102.38,102.29,94.81,4484,,,,,,,,,,,,,
06/04/2022,101.88,101.88,101.71,101.93,94.48,6990,,,,,,,,,,,,,
07/04/2022,101.93,101.93,101.93,101.93,94.48,-,,,,,,,,,,,,,
08/04/2022,101.52,101.61,101.4,101.43,94.01,3271,,,,,,,,,,,,,
11/04/2022,100.93,101.13,100.93,101.01,93.62,1528,,,,,,,,,,,,,
12/04/2022,101.18,101.18,101.18,101.13,93.73,1,,,,,,,,,,,,,
13/04/2022,101.03,101.37,101.03,101.38,93.96,1518,,,,,,,,,,,,,
14/04/2022,101.1,101.1,101.07,100.74,93.37,1413,,,,,,,,,,,,,
19/04/2022,100.02,100.18,99.52,99.9,92.59,6580,,,,,,,,,,,,,
20/04/2022,99.3,100.27,99.3,99.83,92.53,348,,,,,,,,,,,,,
21/04/2022,99.74,99.74,99.74,99.69,92.4,1143,,,,,,,,,,,,,
22/04/2022,99.26,99.26,99.26,99.4,92.13,1430,,,,,,,,,,,,,
25/04/2022,100.18,100.18,100.18,100.18,92.85,-,,,,,,,,,,,,,
26/04/2022,100.62,100.64,100.62,100.46,93.11,361,,,,,,,,,,,,,
27/04/2022,100.51,100.55,100.01,100.14,92.82,2679,,,,,,,,,,,,,
28/04/2022,100.01,100.01,100.01,99.84,92.53,8,,,,,,,,,,,,,
29/04/2022,99.6,99.73,99.28,99.51,92.23,907,,,,,,,,,,,,,
03/05/2022,99.12,99.14,99.12,99.37,92.1,66,,,,,,,,,,,,,
04/05/2022,99.12,99.12,99,98.95,91.71,56,,,,,,,,,,,,,
05/05/2022,99.2,99.2,98.69,98.4,91.2,130,,,,,,,,,,,,,
06/05/2022,98.62,98.62,98.27,98.27,91.08,3071,,,,,,,,,,,,,
09/05/2022,98.73,98.73,98.06,98.39,91.19,149,,,,,,,,,,,,,
10/05/2022,98.12,99.28,98.12,99.11,91.86,47,,,,,,,,,,,,,
11/05/2022,98.12,98.12,98.12,98.89,91.65,737,,,,,,,,,,,,,
12/05/2022,99.93,99.93,99.93,99.58,92.29,20,,,,,,,,,,,,,
13/05/2022,99.35,99.35,98.71,99.29,92.03,66,,,,,,,,,,,,,
16/05/2022,99.63,99.63,99.63,99.43,92.16,9,,,,,,,,,,,,,
17/05/2022,99.19,99.19,98.85,99.01,91.77,161,,,,,,,,,,,,,
18/05/2022,99.1,99.1,99.1,99.1,91.84,-,,,,,,,,,,,,,
19/05/2022,99.22,99.22,99.22,99.63,92.34,115,,,,,,,,,,,,,
20/05/2022,99.68,99.68,99.68,99.68,92.38,-,,,,,,,,,,,,,
23/05/2022,99.79,99.79,99.79,99.5,92.22,129,,,,,,,,,,,,,
24/05/2022,99.9,100.37,99.9,100.18,92.85,282,,,,,,,,,,,,,
25/05/2022,100.25,100.65,100.25,100.39,93.05,517,,,,,,,,,,,,,
26/05/2022,100.71,100.71,100.71,100.71,93.34,-,,,,,,,,,,,,,
27/05/2022,100.76,100.76,100.76,100.76,93.39,-,,,,,,,,,,,,,
30/05/2022,100.39,100.39,100.39,100.39,93.04,-,,,,,,,,,,,,,
31/05/2022,100.51,100.51,100.51,100.01,92.7,8,,,,,,,,,,,,,
01/06/2022,100.27,100.27,100.27,99.78,92.47,361,,,,,,,,,,,,,
06/06/2022,99.36,99.36,99.17,99.16,91.9,20,,,,,,,,,,,,,
07/06/2022,99.59,99.59,99.59,99.15,91.9,114,,,,,,,,,,,,,
08/06/2022,99.42,99.42,99.33,99.21,91.95,164,,,,,,,,,,,,,
09/06/2022,98.47,98.47,98.47,98.96,91.71,1000,,,,,,,,,,,,,
10/06/2022,98.92,98.92,98.92,98.29,91.09,25,,,,,,,,,,,,,
13/06/2022,97.61,97.61,97.51,96.93,89.83,37,,,,,,,,,,,,,
14/06/2022,96.18,96.18,96.18,96.3,89.25,24,,,,,,,,,,,,,
15/06/2022,96.08,96.08,96.08,96.46,89.4,138,,,,,,,,,,,,,
16/06/2022,96.13,96.13,96.01,96.69,89.62,146,,,,,,,,,,,,,
17/06/2022,96.76,96.76,96.76,97.14,90.04,242,,,,,,,,,,,,,
20/06/2022,97.2,97.2,97.2,97.06,89.95,147,,,,,,,,,,,,,
21/06/2022,97.01,97.01,97.01,97.01,89.92,-,,,,,,,,,,,,,
22/06/2022,97.77,97.77,97.77,97.64,90.5,14,,,,,,,,,,,,,
23/06/2022,98.25,98.25,98.25,98.25,91.07,-,,,,,,,,,,,,,
24/06/2022,98,98,98,97.86,90.7,1,,,,,,,,,,,,,
27/06/2022,97.51,97.51,97.49,97.65,90.51,1427,,,,,,,,,,,,,
28/06/2022,97.04,97.16,97.04,97.33,90.21,1179,,,,,,,,,,,,,
29/06/2022,97.89,97.89,97.89,97.89,90.72,-,,,,,,,,,,,,,
30/06/2022,98.77,98.77,98.77,98.38,91.18,89,,,,,,,,,,,,,
01/07/2022,98.83,98.83,98.83,99.37,92.1,85,,,,,,,,,,,,,
04/07/2022,98.96,98.96,98.96,98.96,91.71,-,,,,,,,,,,,,,
05/07/2022,99.4,99.4,99.4,99.38,92.11,94,,,,,,,,,,,,,
06/07/2022,99.74,99.74,99.74,99.21,91.95,250,,,,,,,,,,,,,
07/07/2022,98.65,98.65,98.65,98.65,91.43,-,,,,,,,,,,,,,
08/07/2022,97.92,97.92,97.92,98.31,91.11,835,,,,,,,,,,,,,
11/07/2022,98.87,98.87,98.87,98.79,91.56,45,,,,,,,,,,,,,
12/07/2022,99.11,99.11,99.11,99.11,91.86,-,,,,,,,,,,,,,
13/07/2022,98.89,98.89,98.89,98.89,91.65,-,,,,,,,,,,,,,
14/07/2022,98.53,98.53,98.32,98.7,91.48,1092,,,,,,,,,,,,,
15/07/2022,98.82,98.82,98.82,99.21,91.95,251,,,,,,,,,,,,,
18/07/2022,98.57,98.57,98.57,98.74,91.52,18,,,,,,,,,,,,,
19/07/2022,99.17,99.17,99.17,98.88,91.65,9,,,,,,,,,,,,,
20/07/2022,98.61,98.61,98.61,99,91.76,2,,,,,,,,,,,,,
21/07/2022,98.49,98.75,98.41,99.23,91.97,647,,,,,,,,,,,,,
22/07/2022,100.05,100.05,100.05,100.18,92.85,43,,,,,,,,,,,,,
25/07/2022,100.42,100.42,100.29,99.99,92.67,139,,,,,,,,,,,,,
26/07/2022,99.95,99.96,99.95,100.21,92.88,231,,,,,,,,,,,,,
27/07/2022,100.22,100.22,100.22,100.22,92.89,-,,,,,,,,,,,,,
28/07/2022,100.68,100.68,100.68,100.86,93.48,38,,,,,,,,,,,,,
29/07/2022,100.75,101.47,100.45,100.98,93.59,262,,,,,,,,,,,,,
01/08/2022,101.7,101.7,101.69,101.3,93.89,35,,,,,,,,,,,,,
02/08/2022,100.23,100.23,100.23,100.03,93.66,168,,,,,,,,,,,,,
03/08/2022,99.1,99.1,99.1,99.1,92.79,-,,,,,,,,,,,,,
04/08/2022,99.76,100.04,99.7,99.87,93.51,148,,,,,,,,,,,,,
05/08/2022,98.93,98.93,98.93,98.83,92.54,55,,,,,,,,,,,,,
08/08/2022,99.22,99.22,99.22,99.29,92.97,41,,,,,,,,,,,,,
09/08/2022,98.91,98.91,98.91,99.08,92.77,47,,,,,,,,,,,,,
10/08/2022,99.5,99.5,99.5,99.5,93.16,-,,,,,,,,,,,,,
11/08/2022,99.34,99.34,99.34,99.22,92.91,774,,,,,,,,,,,,,
12/08/2022,98.57,99.14,98.57,98.96,92.66,85,,,,,,,,,,,,,
15/08/2022,99.05,99.65,99.05,99.48,93.15,48,,,,,,,,,,,,,
16/08/2022,99.08,99.08,98.84,99.06,92.75,40,,,,,,,,,,,,,
17/08/2022,98.59,98.59,98.59,98.7,92.42,397,,,,,,,,,,,,,
18/08/2022,99.18,99.18,99.18,99.06,92.75,149,,,,,,,,,,,,,
19/08/2022,98.42,98.42,98.1,98.21,91.95,2148,,,,,,,,,,,,,
22/08/2022,98.12,98.12,97.85,97.9,91.67,1098,,,,,,,,,,,,,
23/08/2022,98.2,98.2,98.2,98.04,91.8,281,,,,,,,,,,,,,
24/08/2022,97.46,97.46,97.46,97.46,91.25,1065,,,,,,,,,,,,,
25/08/2022,97.69,97.69,97.69,97.69,91.47,-,,,,,,,,,,,,,
26/08/2022,97.57,97.57,97.57,97.79,91.56,26,,,,,,,,,,,,,
30/08/2022,97.57,97.58,97.06,97.18,90.99,315,,,,,,,,,,,,,
31/08/2022,97.4,97.4,97.4,97.4,91.2,-,,,,,,,,,,,,,
01/09/2022,96.31,96.31,96.31,96.31,90.18,-,,,,,,,,,,,,,
02/09/2022,96.42,96.75,96.42,96.89,90.72,311,,,,,,,,,,,,,
05/09/2022,96.5,96.5,96.33,96.5,90.35,299,,,,,,,,,,,,,
06/09/2022,95.96,95.96,95.96,95.96,89.85,-,,,,,,,,,,,,,
07/09/2022,96,96,96,96.29,90.16,4,,,,,,,,,,,,,
08/09/2022,96.36,96.36,96.36,96.54,90.39,1,,,,,,,,,,,,,
09/09/2022,96.36,96.36,96.36,96.36,90.22,-,,,,,,,,,,,,,
12/09/2022,96.54,96.54,96.5,96.35,90.21,128,,,,,,,,,,,,,
13/09/2022,95.47,95.47,95.47,95.47,89.39,-,,,,,,,,,,,,,
14/09/2022,95.8,95.8,95.8,95.71,89.62,374,,,,,,,,,,,,,
15/09/2022,95.68,95.68,95.68,95.45,89.37,710,,,,,,,,,,,,,
16/09/2022,95.18,95.18,95.18,95.28,89.21,1101,,,,,,,,,,,,,
20/09/2022,94.5,94.83,94.5,94.67,88.64,121,,,,,,,,,,,,,
21/09/2022,94.79,94.79,94.79,94.79,88.75,-,,,,,,,,,,,,,
22/09/2022,94.16,94.16,94.16,94.01,88.02,123,,,,,,,,,,,,,
23/09/2022,93.84,93.84,93.53,93.58,87.63,18109,,,,,,,,,,,,,
26/09/2022,93.47,93.47,93.12,93.35,87.41,135,,,,,,,,,,,,,
27/09/2022,92.5,92.5,92.5,92.34,86.46,7,,,,,,,,,,,,,
28/09/2022,92.28,92.29,92.28,93.21,87.28,28,,,,,,,,,,,,,
29/09/2022,93.52,93.52,92.45,92.85,86.94,2,,,,,,,,,,,,,
30/09/2022,93.28,93.28,93.28,93.28,87.34,-,,,,,,,,,,,,,
03/10/2022,93.2,93.2,93.2,93.98,88,515,,,,,,,,,,,,,
04/10/2022,93.71,93.83,93.23,93.96,87.98,331,,,,,,,,,,,,,
05/10/2022,93.14,93.14,93.14,93.14,87.21,-,,,,,,,,,,,,,
06/10/2022,93.13,93.13,93.13,93.13,87.2,-,,,,,,,,,,,,,
07/10/2022,92.61,92.61,92.61,92.61,86.71,-,,,,,,,,,,,,,
10/10/2022,92.07,92.07,92.07,92.07,86.21,-,,,,,,,,,,,,,
11/10/2022,92.04,92.43,92.04,92.26,86.39,21,,,,,,,,,,,,,
12/10/2022,92.03,92.03,92.03,92.03,86.17,-,,,,,,,,,,,,,
13/10/2022,91.99,91.99,91.99,91.76,85.92,1311,,,,,,,,,,,,,
14/10/2022,92.08,92.08,91.85,91.57,85.73,768,,,,,,,,,,,,,
17/10/2022,92.11,92.11,92.1,91.89,86.03,44,,,,,,,,,,,,,
18/10/2022,91.9,92.04,91.9,91.61,85.78,11,,,,,,,,,,,,,
19/10/2022,91.32,91.32,91.32,91.17,85.36,2,,,,,,,,,,,,,
20/10/2022,90.51,90.8,90.51,90.97,85.18,143,,,,,,,,,,,,,
21/10/2022,90.03,90.03,90.03,90.31,84.56,1124,,,,,,,,,,,,,
24/10/2022,90.62,90.78,90.36,90.5,84.74,1669,,,,,,,,,,,,,
25/10/2022,91.15,91.15,91.15,91.31,85.49,330,,,,,,,,,,,,,
26/10/2022,91.84,91.84,91.84,91.82,85.98,31,,,,,,,,,,,,,
27/10/2022,91.51,91.51,91.51,92.18,86.32,1151,,,,,,,,,,,,,
28/10/2022,91.83,91.83,91.83,92.02,86.16,36,,,,,,,,,,,,,
31/10/2022,91.07,91.91,91.07,91.75,85.91,140,,,,,,,,,,,,,
01/11/2022,92.44,92.44,91.4,91.79,85.95,473,,,,,,,,,,,,,
02/11/2022,91.74,91.74,91.71,91.9,86.05,73,,,,,,,,,,,,,
03/11/2022,91.04,91.04,91.04,91.19,85.38,240,,,,,,,,,,,,,
04/11/2022,91.29,91.29,91.29,91.29,85.47,-,,,,,,,,,,,,,
07/11/2022,91.39,91.39,91.07,91.21,85.41,140,,,,,,,,,,,,,
08/11/2022,91.44,91.44,91.44,91.33,85.52,3,,,,,,,,,,,,,
09/11/2022,91.58,91.58,91.58,91.58,85.75,-,,,,,,,,,,,,,
10/11/2022,93.19,93.19,93.19,93.19,87.26,-,,,,,,,,,,,,,
11/11/2022,93.22,93.22,93.22,93.22,87.29,-,,,,,,,,,,,,,
14/11/2022,93.5,93.5,93.49,93.18,87.25,112,,,,,,,,,,,,,
15/11/2022,93.89,93.89,93.89,93.63,87.67,26,,,,,,,,,,,,,
16/11/2022,93.9,93.9,93.9,94.07,88.08,20,,,,,,,,,,,,,
17/11/2022,93.86,93.86,93.86,93.86,87.88,-,,,,,,,,,,,,,
18/11/2022,93.89,93.89,93.89,94.05,88.06,727,,,,,,,,,,,,,
21/11/2022,94.26,94.26,94.19,94.03,88.04,558,,,,,,,,,,,,,
22/11/2022,94.07,94.07,94.07,94.07,88.08,-,,,,,,,,,,,,,
23/11/2022,94.57,94.6,94.57,94.65,88.62,113,,,,,,,,,,,,,
24/11/2022,95.04,95.04,95.04,95.04,88.98,-,,,,,,,,,,,,,
25/11/2022,94.69,94.69,94.69,94.69,88.66,-,,,,,,,,,,,,,
28/11/2022,95.04,95.04,95.02,94.88,88.84,29,,,,,,,,,,,,,
29/11/2022,95.33,95.33,95.33,94.52,88.5,-,,,,,,,,,,,,,
30/11/2022,94.23,94.23,94.23,94.23,88.23,-,,,,,,,,,,,,,
01/12/2022,95.43,95.43,95.43,95.33,89.26,-,,,,,,,,,,,,,
02/12/2022,95.58,95.58,95.2,95.4,89.33,63,,,,,,,,,,,,,
05/12/2022,96.22,96.23,95.67,95.57,89.49,207,,,,,,,,,,,,,
06/12/2022,95.5,95.5,95.5,95.67,89.57,2,,,,,,,,,,,,,
07/12/2022,96.02,96.02,96.02,96.25,90.13,7880,,,,,,,,,,,,,
08/12/2022,96.51,96.51,96.51,96.51,90.37,-,,,,,,,,,,,,,
09/12/2022,96.99,96.99,96.99,95.99,89.87,-,,,,,,,,,,,,,
12/12/2022,96.19,96.19,96.12,95.89,89.78,25,,,,,,,,,,,,,
13/12/2022,96.52,96.52,96.46,96.68,90.53,49,,,,,,,,,,,,,
14/12/2022,96.85,96.85,96.85,96.54,90.4,-,,,,,,,,,,,,,
15/12/2022,97.13,97.13,96.75,96.57,90.43,-,,,,,,,,,,,,,
16/12/2022,96.69,96.77,96.69,96.34,90.21,-,,,,,,,,,,,,,
19/12/2022,96.19,96.97,96.19,96.03,89.92,51,,,,,,,,,,,,,
20/12/2022,95.87,95.87,95.51,95.35,89.27,37,,,,,,,,,,,,,
21/12/2022,95.6,95.75,95.6,95.51,89.43,-,,,,,,,,,,,,,
22/12/2022,95.71,95.8,95.64,95.71,89.62,1892,,,,,,,,,,,,,
23/12/2022,95.5,95.58,95.46,95.33,89.26,1635,,,,,,,,,,,,,
28/12/2022,94.7,94.76,94.69,94.48,88.46,49,,,,,,,,,,,,,
29/12/2022,94.43,94.43,94.43,94.43,88.42,-,,,,,,,,,,,,,
30/12/2022,94.74,94.74,94.74,94.74,88.71,11478,,,,,,,,,,,,,
03/01/2023,95.09,95.24,94.66,94.81,88.77,55,,,,,,,,,,,,,
04/01/2023,95.4,95.4,95.33,95.21,89.15,545,,,,,,,,,,,,,
05/01/2023,95.39,95.39,95.39,94.97,88.92,-,,,,,,,,,,,,,
06/01/2023,95.7,95.7,95.7,95.94,89.83,-,,,,,,,,,,,,,
09/01/2023,96.34,96.35,96.03,96.47,90.33,35,,,,,,,,,,,,,
10/01/2023,96.02,96.47,96.02,96.07,89.96,12,,,,,,,,,,,,,
11/01/2023,96.49,96.49,96.49,96.42,90.28,-,,,,,,,,,,,,,
12/01/2023,96.88,96.96,96.88,96.96,90.79,2,,,,,,,,,,,,,
13/01/2023,97.53,97.53,97.53,97.31,91.11,-,,,,,,,,,,,,,
16/01/2023,97.16,97.16,97.16,96.99,90.81,-,,,,,,,,,,,,,
17/01/2023,96.94,97.35,96.22,96.96,90.79,29,,,,,,,,,,,,,
18/01/2023,97.79,97.79,97.79,97.74,91.51,-,,,,,,,,,,,,,
19/01/2023,97.78,98.53,97.43,97.43,91.23,851,,,,,,,,,,,,,
20/01/2023,97.53,97.7,96.73,97.22,91.03,5334,,,,,,,,,,,,,
23/01/2023,97.11,97.32,96.95,97.11,90.92,316,,,,,,,,,,,,,
24/01/2023,97.48,97.73,96.95,97.42,91.22,4484,,,,,,,,,,,,,
25/01/2023,97.58,97.58,97.58,97.28,91.09,200,,,,,,,,,,,,,
26/01/2023,97.54,97.54,97.16,97.26,91.07,425,,,,,,,,,,,,,
27/01/2023,97.21,97.21,97.21,97.07,90.89,2,,,,,,,,,,,,,
30/01/2023,97.1,97.32,97.05,97.07,90.89,309,,,,,,,,,,,,,
31/01/2023,97.24,97.25,97.23,97.23,91.04,3429,,,,,,,,,,,,,
01/02/2023,96.5,96.5,95.87,96.08,91.14,108,,,,,,,,,,,,,
02/02/2023,97.72,97.72,97.72,97.13,92.13,-,,,,,,,,,,,,,
03/02/2023,97.4,97.4,97.4,95.91,90.97,65,,,,,,,,,,,,,
06/02/2023,96.39,96.39,95.71,95.38,90.47,81,,,,,,,,,,,,,
07/02/2023,95.81,95.85,95.81,95.34,90.43,7,,,,,,,,,,,,,
08/02/2023,95.11,95.11,95.11,95.11,90.22,-,,,,,,,,,,,,,
09/02/2023,95.44,95.61,95.4,95.47,90.56,392,,,,,,,,,,,,,
10/02/2023,94.9,95.36,94.67,94.71,89.83,2854,,,,,,,,,,,,,
13/02/2023,94.81,94.98,94.81,94.71,89.84,86,,,,,,,,,,,,,
14/02/2023,95.44,95.44,95.44,94.38,89.52,-,,,,,,,,,,,,,
15/02/2023,94.38,94.38,94.38,94.29,89.44,2,,,,,,,,,,,,,
16/02/2023,94.09,94.09,94.09,94.14,89.3,7,,,,,,,,,,,,,
17/02/2023,93.88,93.88,93.88,93.88,89.04,-,,,,,,,,,,,,,
20/02/2023,93.87,94.05,93.87,93.95,89.12,1157,,,,,,,,,,,,,
21/02/2023,93.66,93.66,93.66,93.48,88.67,-,,,,,,,,,,,,,
22/02/2023,93.63,93.63,93.63,93.63,88.81,-,,,,,,,,,,,,,
23/02/2023,93.55,93.75,93.55,93.66,88.84,25,,,,,,,,,,,,,
24/02/2023,93.48,93.79,93.48,93.29,88.49,10,,,,,,,,,,,,,
27/02/2023,93.38,93.38,93.38,93.38,88.57,-,,,,,,,,,,,,,
28/02/2023,93.47,93.47,93.25,93.37,88.57,59,,,,,,,,,,,,,
01/03/2023,93.25,93.25,93.23,92.99,88.2,2428,,,,,,,,,,,,,
02/03/2023,92.58,92.58,92.58,92.56,87.8,168,,,,,,,,,,,,,
03/03/2023,93.12,93.12,93.12,93.12,88.33,-,,,,,,,,,,,,,
06/03/2023,93.37,93.63,93.37,93.37,88.57,265,,,,,,,,,,,,,
07/03/2023,93.46,93.46,93.23,93.22,88.43,254,,,,,,,,,,,,,
08/03/2023,93.11,93.11,93.11,93.18,88.39,-,,,,,,,,,,,,,
09/03/2023,93.07,93.07,93.07,93.11,88.32,84,,,,,,,,,,,,,
10/03/2023,94.22,94.22,94.22,94.22,89.37,-,,,,,,,,,,,,,
13/03/2023,95.46,95.46,94.48,95.42,90.51,381,,,,,,,,,,,,,
14/03/2023,94.75,94.9,94.43,94.57,89.7,30075,,,,,,,,,,,,,
15/03/2023,95.47,95.47,95.47,95.84,90.91,223,,,,,,,,,,,,,
16/03/2023,95.4,95.59,95.4,95.22,90.32,1871,,,,,,,,,,,,,
17/03/2023,95.79,95.79,95.79,95.79,90.86,-,,,,,,,,,,,,,
20/03/2023,95.48,95.94,95.48,95.59,90.67,23,,,,,,,,,,,,,
21/03/2023,95.04,95.04,95.04,95.17,90.27,88,,,,,,,,,,,,,
22/03/2023,94.97,95.23,94.91,95.23,90.33,2372,,,,,,,,,,,,,
23/03/2023,96.01,96.01,96.01,96.01,91.07,-,,,,,,,,,,,,,
24/03/2023,96.73,96.73,96.73,96.29,91.33,11,,,,,,,,,,,,,
27/03/2023,95.61,95.85,95.61,95.7,90.78,200,,,,,,,,,,,,,
28/03/2023,95.29,95.29,95.29,95.27,90.37,121,,,,,,,,,,,,,
29/03/2023,95.23,95.23,95.23,95.32,90.41,1400,,,,,,,,,,,,,
30/03/2023,95.4,95.4,95.4,95.4,90.49,-,,,,,,,,,,,,,
