Date,Open,High,Low,Close,Adj Close ,Volume,,
02/01/2018,87.3,87.36,87.25,87.34,60.32,7223500,,
03/01/2018,87.34,87.78,87.34,87.76,60.61,20557100,,
04/01/2018,87.82,87.99,87.77,87.91,60.71,13610900,,
05/01/2018,87.97,88.01,87.88,87.97,60.75,9851600,,
08/01/2018,87.96,88.03,87.86,87.9,60.71,9804000,,
09/01/2018,87.99,87.99,87.61,87.63,60.52,13550400,,
10/01/2018,87.5,87.56,87.27,87.44,60.39,33182000,,
11/01/2018,87.52,87.74,87.46,87.73,60.59,12911500,,
12/01/2018,87.59,87.71,87.55,87.58,60.48,12088500,,
16/01/2018,87.64,87.73,87.45,87.53,60.45,18474100,,
17/01/2018,87.56,87.69,87.52,87.54,60.46,16340400,,
18/01/2018,87.5,87.56,87.4,87.45,60.39,16134900,,
19/01/2018,87.44,87.55,87.39,87.54,60.46,14401800,,
22/01/2018,87.49,87.65,87.49,87.62,60.51,16674700,,
23/01/2018,87.68,87.9,87.63,87.88,60.69,11600300,,
24/01/2018,87.8,87.88,87.65,87.75,60.6,10746300,,
25/01/2018,87.9,87.9,87.61,87.69,60.56,11039300,,
26/01/2018,87.72,87.84,87.63,87.76,60.61,7164100,,
29/01/2018,87.63,87.68,87.43,87.45,60.39,19590800,,
30/01/2018,87.45,87.46,87.14,87.15,60.19,18469300,,
31/01/2018,87.3,87.42,87.21,87.3,60.29,12692800,,
01/02/2018,86.86,86.99,86.72,86.77,60.18,17920000,,
02/02/2018,86.55,86.62,86.15,86.22,59.8,24787000,,
05/02/2018,86.13,86.51,85.58,85.74,59.46,28071300,,
06/02/2018,85.51,86.36,85.51,86.26,59.82,33924300,,
07/02/2018,86.38,86.62,85.86,85.94,59.6,24298100,,
08/02/2018,85.91,86,85.18,85.19,59.08,25419300,,
09/02/2018,85.28,85.42,84.07,84.95,58.92,47230300,,
12/02/2018,85.2,85.66,85.16,85.53,59.32,23448100,,
13/02/2018,85.32,85.42,85.11,85.26,59.13,14679900,,
14/02/2018,84.99,85.44,84.9,85.41,59.23,19332400,,
15/02/2018,85.61,86.1,85.61,86.1,59.71,21931600,,
16/02/2018,86.09,86.51,86.07,86.45,59.96,29195600,,
20/02/2018,86.2,86.38,86.11,86.15,59.75,22740600,,
21/02/2018,86.24,86.38,85.74,85.76,59.48,15656700,,
22/02/2018,85.8,86.14,85.74,85.82,59.52,14626900,,
23/02/2018,85.89,86.42,85.83,86.39,59.91,15919500,,
26/02/2018,86.45,86.68,86.39,86.54,60.02,10996300,,
27/02/2018,86.48,86.5,86.2,86.31,59.86,13840900,,
28/02/2018,86.41,86.48,86.12,86.18,59.77,8751000,,
01/03/2018,85.91,85.93,85.27,85.27,59.37,24974200,,
02/03/2018,85.32,85.79,85.29,85.75,59.71,18767600,,
05/03/2018,85.57,85.81,85.57,85.75,59.71,9000200,,
06/03/2018,85.83,85.95,85.69,85.87,59.79,14462900,,
07/03/2018,85.77,85.81,85.6,85.66,59.64,8195200,,
08/03/2018,85.76,85.8,85.61,85.76,59.71,10201800,,
09/03/2018,85.86,86.13,85.78,86.07,59.93,8942600,,
12/03/2018,86,86.07,85.79,85.93,59.83,10126500,,
13/03/2018,85.93,86.04,85.61,85.66,59.64,19020400,,
14/03/2018,85.73,85.78,85.52,85.56,59.57,10802500,,
15/03/2018,85.55,85.75,85.5,85.62,59.62,8647900,,
16/03/2018,85.64,85.81,85.59,85.8,59.74,11006000,,
19/03/2018,85.66,85.69,85.35,85.45,59.5,14298800,,
20/03/2018,85.43,85.65,85.43,85.62,59.62,14317800,,
21/03/2018,85.58,85.81,85.52,85.65,59.64,8643700,,
22/03/2018,85.45,85.57,85.12,85.14,59.28,15972300,,
23/03/2018,85.29,85.39,84.82,84.92,59.13,21847400,,
26/03/2018,85.35,85.49,85.13,85.47,59.51,12454200,,
27/03/2018,85.48,85.63,85.21,85.39,59.46,12661500,,
28/03/2018,85.36,85.44,85.2,85.35,59.43,14642900,,
29/03/2018,85.49,85.7,85.39,85.64,59.63,10299600,,
02/04/2018,85.12,85.27,84.89,84.96,59.4,18902700,,
03/04/2018,85.11,85.21,84.89,85.2,59.57,12994100,,
04/04/2018,84.9,85.44,84.9,85.39,59.7,9677200,,
05/04/2018,85.43,85.58,85.41,85.46,59.75,10152000,,
06/04/2018,85.41,85.5,85.17,85.27,59.62,12680800,,
09/04/2018,85.45,85.61,85.41,85.59,59.84,9043200,,
10/04/2018,85.7,85.94,85.68,85.9,60.06,11434100,,
11/04/2018,85.87,86,85.81,85.93,60.08,7675500,,
12/04/2018,86.03,86.26,85.97,86.24,60.29,23692600,,
13/04/2018,86.3,86.41,86.24,86.29,60.33,16213400,,
16/04/2018,86.39,86.51,86.28,86.42,60.42,10781600,,
17/04/2018,86.55,86.66,86.43,86.46,60.45,15577600,,
18/04/2018,86.52,86.55,86.34,86.37,60.38,13745600,,
19/04/2018,86.21,86.24,85.99,86.1,60.2,19345500,,
20/04/2018,86.05,86.09,85.87,85.89,60.05,17693500,,
23/04/2018,85.83,85.84,85.58,85.66,59.89,15971100,,
24/04/2018,85.69,85.77,85.38,85.49,59.77,17872600,,
25/04/2018,85.41,85.54,85.24,85.5,59.78,15078400,,
26/04/2018,85.57,85.86,85.52,85.8,59.99,17479700,,
27/04/2018,85.87,85.92,85.61,85.76,59.96,7014700,,
30/04/2018,85.7,85.85,85.69,85.7,59.92,12473000,,
01/05/2018,85.28,85.4,85.18,85.4,59.96,18707700,,
02/05/2018,85.4,85.55,85.32,85.37,59.94,12057000,,
03/05/2018,85.4,85.4,85.22,85.36,59.93,21626200,,
04/05/2018,85.21,85.45,85.16,85.42,59.97,14862100,,
07/05/2018,85.43,85.53,85.4,85.5,60.03,23063900,,
08/05/2018,85.45,85.47,85.31,85.37,59.94,13693500,,
09/05/2018,85.35,85.54,85.34,85.51,60.04,10476200,,
10/05/2018,85.57,85.79,85.55,85.76,60.21,13375800,,
11/05/2018,85.76,85.84,85.63,85.73,60.19,8505100,,
14/05/2018,85.72,85.82,85.57,85.75,60.21,14695800,,
15/05/2018,85.56,85.6,85.27,85.33,59.91,20008800,,
16/05/2018,85.37,85.47,85.29,85.44,59.99,13028100,,
17/05/2018,85.34,85.56,85.34,85.49,60.02,13198300,,
18/05/2018,85.35,85.46,85.33,85.4,59.96,14241600,,
21/05/2018,85.39,85.57,85.39,85.52,60.04,7000400,,
22/05/2018,85.56,85.63,85.51,85.58,60.09,6220700,,
23/05/2018,85.48,85.65,85.39,85.65,60.14,13053100,,
24/05/2018,85.52,85.72,85.52,85.7,60.17,12468600,,
25/05/2018,85.58,85.64,85.46,85.56,60.07,12895700,,
29/05/2018,85.37,85.4,85.16,85.2,59.82,13519800,,
30/05/2018,85.29,85.49,85.29,85.46,60,15145000,,
31/05/2018,85.49,85.5,85.36,85.38,59.95,17391000,,
01/06/2018,85.15,85.23,85.1,85.19,60.08,12891000,,
04/06/2018,85.27,85.42,85.23,85.37,60.21,13830900,,
05/06/2018,85.37,85.52,85.3,85.47,60.28,10614100,,
06/06/2018,85.41,85.71,85.38,85.68,60.43,6920900,,
07/06/2018,85.63,85.77,85.55,85.71,60.45,13764400,,
08/06/2018,85.6,85.73,85.57,85.66,60.41,9784000,,
11/06/2018,85.7,85.85,85.69,85.82,60.53,10429300,,
12/06/2018,85.83,85.97,85.77,85.89,60.58,12432400,,
13/06/2018,85.91,86.05,85.83,85.92,60.6,9958900,,
14/06/2018,86.08,86.19,86.03,86.17,60.77,13954300,,
15/06/2018,86.11,86.16,85.99,86.12,60.74,16303700,,
18/06/2018,86.05,86.13,85.98,86.11,60.73,11512000,,
19/06/2018,85.94,86.03,85.87,85.99,60.65,12543200,,
20/06/2018,86.08,86.13,86.03,86.08,60.71,10422800,,
21/06/2018,86.07,86.07,85.87,85.9,60.58,8132500,,
22/06/2018,86.04,86.09,85.88,85.91,60.59,7385200,,
25/06/2018,85.77,85.81,85.63,85.71,60.45,13975400,,
26/06/2018,85.71,85.73,85.6,85.7,60.44,7503900,,
27/06/2018,85.65,85.71,85.47,85.52,60.32,13119200,,
28/06/2018,85.35,85.41,85.16,85.28,60.15,13829300,,
29/06/2018,85.39,85.52,85.06,85.08,60.01,17450500,,
02/07/2018,84.64,84.8,84.6,84.78,60.06,22438600,,
03/07/2018,84.84,84.96,84.74,84.79,60.07,10098600,,
05/07/2018,84.9,85.13,84.89,85.11,60.3,12729400,,
06/07/2018,85.13,85.33,85.12,85.33,60.45,9640300,,
09/07/2018,85.37,85.54,85.36,85.46,60.54,11517200,,
10/07/2018,85.5,85.58,85.46,85.47,60.55,7531700,,
11/07/2018,85.39,85.45,85.3,85.34,60.46,14111200,,
12/07/2018,85.48,85.65,85.44,85.61,60.65,10327300,,
13/07/2018,85.68,85.72,85.61,85.61,60.65,9860300,,
16/07/2018,85.62,85.63,85.51,85.55,60.61,7963100,,
17/07/2018,85.49,85.65,85.45,85.58,60.63,10721000,,
18/07/2018,85.61,85.68,85.53,85.62,60.66,12838600,,
19/07/2018,85.57,85.64,85.49,85.58,60.63,6907300,,
20/07/2018,85.62,85.69,85.58,85.62,60.66,9329000,,
23/07/2018,85.67,85.69,85.59,85.59,60.64,7459200,,
24/07/2018,85.6,85.83,85.6,85.77,60.76,11803700,,
25/07/2018,85.79,85.95,85.72,85.93,60.88,11342300,,
26/07/2018,85.94,86.01,85.9,85.94,60.88,9233600,,
27/07/2018,85.95,85.98,85.81,85.91,60.86,10811200,,
30/07/2018,85.94,86.01,85.85,85.94,60.88,8400500,,
31/07/2018,86.1,86.15,86.05,86.12,61.01,10709500,,
01/08/2018,85.76,85.88,85.67,85.83,61.07,23297900,,
02/08/2018,85.76,85.89,85.72,85.88,61.1,10989200,,
03/08/2018,85.86,85.99,85.85,85.95,61.15,6940500,,
06/08/2018,85.87,86.11,85.87,86.11,61.27,7521900,,
07/08/2018,85.87,86.23,85.87,86.15,61.29,8408200,,
08/08/2018,86.13,86.17,86.08,86.1,61.26,10103600,,
09/08/2018,86.11,86.14,86,86.04,61.22,6354700,,
10/08/2018,85.9,86.01,85.82,85.89,61.11,9473300,,
13/08/2018,85.96,85.96,85.77,85.83,61.07,10479000,,
14/08/2018,85.88,86.01,85.86,85.98,61.17,9767700,,
15/08/2018,85.87,85.9,85.73,85.83,61.07,14684800,,
16/08/2018,85.91,85.99,85.86,85.94,61.14,14931800,,
17/08/2018,85.9,86.07,85.9,86.04,61.22,15280900,,
20/08/2018,86.09,86.15,86.03,86.08,61.24,8174900,,
21/08/2018,86.11,86.29,86.09,86.21,61.34,9281400,,
22/08/2018,86.2,86.28,86.2,86.24,61.36,8297400,,
23/08/2018,86.24,86.32,86.19,86.23,61.35,7751800,,
24/08/2018,86.28,86.41,86.25,86.38,61.46,7458500,,
27/08/2018,86.4,86.46,86.37,86.41,61.48,5581700,,
28/08/2018,86.37,86.41,86.32,86.37,61.45,8175300,,
29/08/2018,86.34,86.39,86.28,86.32,61.42,7403700,,
30/08/2018,86.33,86.35,86.22,86.25,61.37,8481700,,
31/08/2018,86.29,86.42,86.28,86.36,61.44,9569300,,
04/09/2018,85.89,85.93,85.72,85.81,61.32,16029000,,
05/09/2018,85.8,85.83,85.69,85.72,61.25,13369200,,
06/09/2018,85.8,85.83,85.72,85.79,61.3,13137500,,
07/09/2018,85.63,85.77,85.63,85.7,61.24,12374700,,
10/09/2018,85.8,85.89,85.77,85.87,61.36,6997900,,
11/09/2018,85.76,85.98,85.76,85.89,61.37,17897800,,
12/09/2018,85.92,86.15,85.92,86.09,61.52,14041900,,
13/09/2018,86.17,86.31,86.17,86.25,61.63,10375800,,
14/09/2018,86.24,86.39,86.23,86.33,61.69,12945000,,
17/09/2018,86.31,86.33,86.23,86.27,61.64,13279900,,
18/09/2018,86.29,86.36,86.24,86.26,61.64,19882300,,
19/09/2018,86.24,86.29,86.08,86.1,61.52,14471100,,
20/09/2018,86.12,86.22,85.93,86.22,61.61,15360100,,
21/09/2018,86.22,86.28,86.2,86.24,61.62,10966700,,
24/09/2018,86.2,86.25,86.08,86.2,61.59,10229400,,
25/09/2018,86.13,86.18,86.09,86.13,61.54,13240400,,
26/09/2018,86.19,86.34,86.17,86.22,61.61,19504800,,
27/09/2018,86.31,86.4,86.27,86.38,61.72,7996600,,
28/09/2018,86.35,86.47,86.28,86.44,61.77,17085200,,
01/10/2018,86.16,86.3,86.14,86.3,61.94,22566000,,
02/10/2018,86.26,86.3,86.18,86.23,61.89,13577600,,
03/10/2018,86.28,86.31,85.91,86,61.73,17930600,,
04/10/2018,85.82,85.9,85.58,85.68,61.5,24935100,,
05/10/2018,85.65,85.67,85.3,85.3,61.23,25063300,,
08/10/2018,85.35,85.36,85.08,85.11,61.09,12869500,,
09/10/2018,85.14,85.31,85.12,85.24,61.18,19488500,,
10/10/2018,85.11,85.11,84.61,84.63,60.75,25204700,,
11/10/2018,84.83,85,84.57,84.7,60.8,37665300,,
12/10/2018,85.11,85.21,84.94,85.15,61.12,31877600,,
15/10/2018,85.08,85.19,85.04,85.09,61.08,16658500,,
16/10/2018,85.25,85.4,85.24,85.38,61.28,18955700,,
17/10/2018,85.26,85.36,85.14,85.21,61.16,18739400,,
18/10/2018,85.15,85.19,84.85,84.85,60.9,28653800,,
19/10/2018,85.05,85.07,84.85,84.9,60.94,20606400,,
22/10/2018,85.1,85.15,84.87,84.94,60.97,15049900,,
23/10/2018,84.65,84.9,84.55,84.86,60.91,20873200,,
24/10/2018,84.88,84.92,84.41,84.44,60.61,23827800,,
25/10/2018,84.61,84.67,84.43,84.61,60.73,29513700,,
26/10/2018,84.31,84.53,84.17,84.23,60.46,27424100,,
29/10/2018,84.4,84.44,84.04,84.15,60.4,23379400,,
30/10/2018,84.17,84.35,83.99,84.35,60.55,24105300,,
31/10/2018,84.45,84.59,84.35,84.35,60.55,23047900,,
01/11/2018,84.09,84.41,84,84.32,60.82,33115700,,
02/11/2018,84.42,84.53,84.14,84.27,60.79,19675800,,
05/11/2018,84.27,84.44,84.23,84.34,60.84,12299600,,
06/11/2018,84.41,84.56,84.38,84.56,61,14675500,,
07/11/2018,84.64,85.07,84.64,85.05,61.35,26155500,,
08/11/2018,84.85,85.08,84.82,84.84,61.2,20677500,,
09/11/2018,84.67,84.68,84.28,84.36,60.85,20869300,,
12/11/2018,84.33,84.41,83.81,83.84,60.48,22319600,,
13/11/2018,83.86,84.02,83.63,83.7,60.38,22907600,,
14/11/2018,83.81,83.99,83.34,83.54,60.26,44747700,,
15/11/2018,83.19,83.52,82.99,83.52,60.25,32332600,,
16/11/2018,83.16,83.3,83,83.27,60.07,64912800,,
19/11/2018,83.05,83.24,82.9,83.01,59.88,36567300,,
20/11/2018,82.78,82.97,82.7,82.75,59.69,21901900,,
21/11/2018,83.17,83.34,83.07,83.17,59.99,16560400,,
23/11/2018,82.83,82.9,82.71,82.71,59.66,9708100,,
26/11/2018,83.03,83.14,82.91,83.1,59.94,19807100,,
27/11/2018,82.94,83.07,82.87,83.06,59.91,14370700,,
28/11/2018,83.11,83.77,83.06,83.75,60.41,23513100,,
29/11/2018,83.59,83.89,83.54,83.77,60.43,17927900,,
30/11/2018,83.56,83.74,83.55,83.6,60.3,15081000,,
03/12/2018,83.65,83.83,83.5,83.8,60.72,27052900,,
04/12/2018,83.63,83.71,83.2,83.28,60.34,32066500,,
06/12/2018,82.85,83.09,82.72,82.99,60.13,27661900,,
07/12/2018,83.26,83.39,82.83,82.83,60.02,28901200,,
10/12/2018,82.82,82.96,82.56,82.89,60.06,23434700,,
11/12/2018,83.18,83.26,82.97,83.04,60.17,19243900,,
12/12/2018,83.32,83.59,83.29,83.31,60.37,17571500,,
13/12/2018,83.5,83.6,83.43,83.51,60.51,15859200,,
14/12/2018,83.37,83.48,83.1,83.16,60.26,16397600,,
17/12/2018,83.09,83.16,82.55,82.62,59.87,24124900,,
18/12/2018,82.36,82.43,81.9,82.08,59.76,25284300,,
19/12/2018,82.12,82.26,81.24,81.34,59.22,32062700,,
20/12/2018,81.07,81.19,80.01,80.63,58.7,68796100,,
21/12/2018,80.59,80.93,80.1,80.23,58.41,56295000,,
24/12/2018,80.23,80.35,79.63,79.63,57.97,18853600,,
26/12/2018,79.73,80.97,79.55,80.97,58.95,25010300,,
27/12/2018,80.49,80.97,80.38,80.92,58.91,31806100,,
28/12/2018,80.99,81.32,80.85,81.04,59,30106400,,
31/12/2018,81.19,81.33,81.09,81.1,59.04,14153600,,
02/01/2019,80.72,81.11,80.65,80.99,58.96,26977400,,
03/01/2019,80.91,81.16,80.78,81.03,58.99,32776600,,
04/01/2019,81.67,82.5,81.57,82.39,59.98,38754000,,
07/01/2019,82.58,83.19,82.57,83.19,60.57,38127600,,
08/01/2019,83.39,83.74,83.26,83.73,60.96,30795000,,
09/01/2019,83.85,84.01,83.79,83.83,61.03,40909400,,
10/01/2019,83.66,84.21,83.55,84.16,61.27,50520000,,
11/01/2019,83.82,83.98,83.78,83.89,61.07,19793300,,
14/01/2019,83.67,83.77,83.55,83.62,60.88,20137700,,
15/01/2019,83.62,83.94,83.55,83.9,61.08,24799000,,
16/01/2019,84.01,84.14,83.96,84.03,61.18,26508100,,
17/01/2019,83.94,84.29,83.89,84.26,61.34,24574400,,
18/01/2019,84.42,84.67,84.39,84.5,61.52,36236400,,
22/01/2019,84.33,84.34,83.83,83.94,61.11,25504200,,
23/01/2019,84.06,84.23,83.87,84.11,61.24,18529400,,
24/01/2019,84.08,84.22,83.94,84.2,61.3,17875500,,
25/01/2019,84.36,84.49,84.34,84.41,61.45,16775200,,
28/01/2019,84.19,84.33,84.07,84.28,61.36,14694100,,
29/01/2019,84.35,84.35,84.03,84.23,61.32,18717000,,
30/01/2019,84.34,85.03,84.33,84.9,61.81,25993500,,
31/01/2019,84.88,85.24,84.88,85.11,61.96,27070400,,
01/02/2019,84.66,84.76,84.54,84.68,61.93,24749900,,
04/02/2019,84.69,84.93,84.61,84.88,62.08,15968400,,
05/02/2019,84.94,85.27,84.93,85.18,62.3,33188300,,
06/02/2019,85.11,85.21,85.02,85.1,62.24,25936800,,
07/02/2019,84.83,84.9,84.66,84.81,62.03,27119400,,
08/02/2019,84.71,84.81,84.58,84.79,62.01,16728100,,
11/02/2019,84.77,84.87,84.7,84.83,62.04,10051800,,
12/02/2019,85.08,85.27,85.07,85.24,62.34,20174000,,
13/02/2019,85.29,85.31,85.05,85.12,62.26,25088400,,
14/02/2019,84.98,85.22,84.86,85.13,62.26,19406700,,
15/02/2019,85.28,85.46,85.28,85.4,62.46,24052000,,
19/02/2019,85.3,85.48,85.26,85.43,62.48,11317700,,
20/02/2019,85.46,85.55,85.33,85.5,62.53,9925700,,
21/02/2019,85.45,85.53,85.35,85.42,62.47,15479800,,
22/02/2019,85.52,85.67,85.49,85.59,62.6,12330300,,
25/02/2019,85.71,85.83,85.62,85.66,62.65,13698200,,
26/02/2019,85.72,85.87,85.67,85.77,62.73,16049300,,
27/02/2019,85.8,85.86,85.73,85.8,62.75,14818900,,
28/02/2019,85.78,85.83,85.7,85.75,62.72,21340600,,
01/03/2019,85.55,85.66,85.5,85.61,62.89,26455300,,
04/03/2019,85.71,85.75,85.34,85.48,62.8,16034400,,
05/03/2019,85.48,85.49,85.36,85.44,62.77,14510100,,
06/03/2019,85.4,85.42,85.26,85.3,62.67,16806400,,
07/03/2019,85.33,85.34,85.08,85.24,62.62,28101100,,
08/03/2019,84.98,85.12,84.81,85.1,62.52,21043400,,
11/03/2019,85.07,85.39,85.05,85.38,62.72,17922400,,
12/03/2019,85.31,85.58,85.29,85.53,62.83,20180500,,
13/03/2019,85.58,85.77,85.56,85.76,63,24524800,,
14/03/2019,85.72,85.83,85.68,85.7,62.96,12342500,,
15/03/2019,85.76,85.88,85.75,85.78,63.02,21775300,,
18/03/2019,85.79,85.83,85.67,85.75,63,10498900,,
19/03/2019,85.81,85.96,85.75,85.8,63.03,14067200,,
20/03/2019,85.81,86.3,85.65,86.17,63.3,31184400,,
21/03/2019,86.06,86.26,86.04,86.15,63.29,16400700,,
22/03/2019,86.02,86.05,85.75,85.84,63.06,27030400,,
25/03/2019,85.78,85.91,85.65,85.81,63.04,23592100,,
26/03/2019,85.95,86.15,85.89,86.02,63.19,18762700,,
27/03/2019,86.07,86.24,85.88,86.08,63.24,16706700,,
28/03/2019,86.09,86.25,86.04,86.25,63.36,19706700,,
29/03/2019,86.32,86.53,86.3,86.47,63.53,22358900,,
01/04/2019,86.21,86.28,86.05,86.07,63.51,21353900,,
02/04/2019,86.09,86.14,85.94,86.11,63.54,15129300,,
03/04/2019,86.2,86.31,86.1,86.14,63.56,13746500,,
04/04/2019,86.15,86.28,86.13,86.27,63.66,14435700,,
05/04/2019,86.36,86.5,86.34,86.43,63.78,14227000,,
08/04/2019,86.39,86.41,86.31,86.38,63.74,11472100,,
09/04/2019,86.33,86.42,86.27,86.32,63.69,19118700,,
10/04/2019,86.43,86.7,86.43,86.7,63.97,16767000,,
11/04/2019,86.69,86.86,86.65,86.83,64.07,20976100,,
12/04/2019,86.93,87.01,86.79,86.96,64.17,17442800,,
15/04/2019,86.95,86.95,86.83,86.9,64.12,13940000,,
16/04/2019,86.96,86.97,86.82,86.85,64.09,11543800,,
17/04/2019,86.94,86.94,86.63,86.64,63.93,11818600,,
18/04/2019,86.79,86.79,86.58,86.68,63.96,15295500,,
22/04/2019,86.62,86.66,86.52,86.53,63.85,24591400,,
23/04/2019,86.64,86.88,86.59,86.83,64.07,15094100,,
24/04/2019,86.85,86.85,86.7,86.71,63.98,11938800,,
25/04/2019,86.7,86.81,86.57,86.75,64.01,14369000,,
26/04/2019,86.85,86.98,86.85,86.97,64.17,11937200,,
29/04/2019,86.95,87,86.93,86.93,64.14,7601200,,
30/04/2019,86.97,87.04,86.92,86.94,64.15,11168100,,
01/05/2019,86.59,86.87,86.28,86.29,63.94,24574300,,
02/05/2019,86.36,86.48,86.18,86.35,63.99,24936600,,
03/05/2019,86.52,86.6,86.47,86.57,64.15,18522700,,
06/05/2019,86.18,86.62,86,86.61,64.18,18893700,,
07/05/2019,86.4,86.45,85.95,86.09,63.79,30266300,,
08/05/2019,86.1,86.3,86.03,86.12,63.82,27527500,,
09/05/2019,85.99,86.06,85.68,85.99,63.72,30890400,,
10/05/2019,85.96,86.31,85.75,86.23,63.9,33782400,,
13/05/2019,85.68,85.77,85.42,85.44,63.31,34801600,,
14/05/2019,85.61,85.83,85.53,85.63,63.45,18128500,,
15/05/2019,85.49,85.76,85.44,85.71,63.51,19543700,,
16/05/2019,85.83,86.11,85.8,85.97,63.7,29384100,,
17/05/2019,85.79,86.1,85.79,85.94,63.68,27089400,,
20/05/2019,85.92,86.08,85.78,85.86,63.62,15780000,,
21/05/2019,85.99,86.15,85.99,86.13,63.82,15004300,,
22/05/2019,86.08,86.2,85.97,86.2,63.87,14976200,,
23/05/2019,85.96,85.99,85.67,85.77,63.56,18333400,,
24/05/2019,85.87,85.97,85.64,85.65,63.47,17611600,,
28/05/2019,85.75,85.82,85.49,85.57,63.41,20544600,,
29/05/2019,85.46,85.52,85.25,85.34,63.24,25441900,,
30/05/2019,85.49,85.65,85.44,85.52,63.37,20311900,,
31/05/2019,85.24,85.34,84.88,84.9,62.91,34947400,,
03/06/2019,84.65,84.78,84.47,84.65,63.01,58940600,,
04/06/2019,84.91,85.51,84.91,85.5,63.65,34113300,,
05/06/2019,85.58,85.72,85.43,85.7,63.79,28368700,,
06/06/2019,85.68,85.96,85.57,85.88,63.93,23538600,,
07/06/2019,86,86.21,85.16,86.1,64.09,29934000,,
10/06/2019,86.26,86.34,86.18,86.23,64.19,17482200,,
11/06/2019,86.51,86.66,86.22,86.35,64.28,34293700,,
12/06/2019,86.33,86.35,86.13,86.15,64.13,18195500,,
13/06/2019,86.3,86.41,86.25,86.35,64.28,19438500,,
14/06/2019,86.32,86.36,86.22,86.29,64.23,8842000,,
17/06/2019,86.24,86.29,86.12,86.16,64.14,10554000,,
18/06/2019,86.57,86.77,86.54,86.76,64.58,22540400,,
19/06/2019,86.7,87.19,86.55,87.17,64.89,28212600,,
20/06/2019,87.43,87.65,87.29,87.61,65.22,48362000,,
21/06/2019,87.38,87.45,87.33,87.33,65.01,22467800,,
24/06/2019,87.33,87.37,87.28,87.32,65,13764100,,
25/06/2019,87.31,87.31,86.89,86.95,64.72,26173600,,
26/06/2019,87.12,87.16,86.88,86.91,64.69,19554600,,
27/06/2019,87.06,87.2,87.02,87.15,64.87,12995100,,
28/06/2019,87.2,87.25,87.15,87.18,64.9,14690800,,
01/07/2019,87.13,87.26,86.8,86.82,64.92,26036100,,
02/07/2019,86.88,87.06,86.84,87.01,65.06,20683200,,
03/07/2019,87.05,87.39,87.03,87.34,65.3,16237900,,
05/07/2019,87.08,87.09,86.85,86.99,65.04,17591400,,
08/07/2019,86.95,86.95,86.81,86.82,64.92,16679400,,
09/07/2019,86.76,86.8,86.7,86.72,64.84,19189100,,
10/07/2019,86.93,87.08,86.89,86.96,65.02,24497000,,
11/07/2019,87.01,87.01,86.67,86.79,64.89,19191200,,
12/07/2019,86.79,86.94,86.72,86.93,65,21291200,,
15/07/2019,86.91,87.07,86.86,86.99,65.04,10735200,,
16/07/2019,86.98,86.98,86.73,86.81,64.91,20147200,,
17/07/2019,86.88,86.88,86.69,86.7,64.83,9361300,,
18/07/2019,86.71,86.76,86.51,86.74,64.86,17236600,,
19/07/2019,86.74,86.78,86.56,86.59,64.74,14771000,,
22/07/2019,86.69,86.88,86.65,86.88,64.96,12852800,,
23/07/2019,86.95,87.06,86.85,87.03,65.07,14051800,,
24/07/2019,87.01,87.11,86.99,87.1,65.12,12713700,,
25/07/2019,87.15,87.15,86.91,86.98,65.03,14272500,,
26/07/2019,87.12,87.19,87.08,87.17,65.18,8512700,,
29/07/2019,87.15,87.16,86.96,87.04,65.08,14731800,,
30/07/2019,86.9,87.09,86.84,87.08,65.11,13794100,,
31/07/2019,87.15,87.26,86.58,86.93,65,23449700,,
01/08/2019,86.55,86.99,86.49,86.52,64.97,28839000,,
02/08/2019,86.49,86.49,86.18,86.39,64.87,23559600,,
05/08/2019,85.87,85.87,85.35,85.49,64.19,47727900,,
06/08/2019,85.87,86.12,85.67,86.04,64.6,28695000,,
07/08/2019,85.69,86.13,85.45,86.03,64.6,38028500,,
08/08/2019,86.05,86.42,86.05,86.37,64.85,27074700,,
09/08/2019,86.22,86.35,86.08,86.25,64.76,19090800,,
12/08/2019,86.01,86.14,85.88,85.95,64.54,17466700,,
13/08/2019,85.94,86.41,85.88,86.33,64.82,30078600,,
14/08/2019,85.94,85.97,85.5,85.56,64.24,29745300,,
15/08/2019,85.71,85.9,85.65,85.81,64.43,27296500,,
16/08/2019,85.94,86.13,85.94,86.1,64.65,15780200,,
19/08/2019,86.26,86.36,86.22,86.35,64.84,13603000,,
20/08/2019,86.39,86.47,86.25,86.42,64.89,16126800,,
21/08/2019,86.64,86.85,86.58,86.79,65.17,18334300,,
22/08/2019,86.94,87.03,86.75,86.95,65.29,20677200,,
23/08/2019,86.79,87.14,86.48,86.55,64.99,30340300,,
26/08/2019,86.82,86.98,86.74,86.98,65.31,14187800,,
27/08/2019,87.15,87.18,86.79,86.94,65.28,14722700,,
28/08/2019,86.92,87.19,86.89,87.15,65.44,13576000,,
29/08/2019,87.34,87.41,87.19,87.24,65.51,16271400,,
30/08/2019,87.38,87.39,86.97,87.16,65.45,14413600,,
03/09/2019,86.72,86.72,86.39,86.54,65.26,20561500,,
04/09/2019,86.69,86.75,86.59,86.72,65.39,13526700,,
05/09/2019,86.8,87.13,86.78,87.06,65.65,23399100,,
06/09/2019,87.18,87.3,87.04,87.14,65.71,25162700,,
09/09/2019,87.19,87.26,87.02,87.23,65.78,17484200,,
10/09/2019,87.24,87.31,87.1,87.28,65.82,14055800,,
11/09/2019,87.23,87.3,87.17,87.27,65.81,13999200,,
12/09/2019,87.34,87.43,87.25,87.32,65.85,23246400,,
13/09/2019,87.17,87.31,87.11,87.16,65.73,34407300,,
16/09/2019,87.3,87.48,87.18,87.47,65.96,23020800,,
17/09/2019,87.5,87.53,87.34,87.52,66,14626400,,
18/09/2019,87.46,87.54,87.19,87.47,65.96,15913800,,
19/09/2019,87.42,87.54,87.33,87.37,65.88,13327000,,
20/09/2019,87.4,87.51,87.34,87.48,65.97,23298400,,
23/09/2019,87.41,87.51,87.39,87.44,65.94,15456800,,
24/09/2019,87.52,87.53,87.21,87.32,65.85,21934200,,
25/09/2019,87.25,87.29,87.03,87.23,65.78,15142100,,
26/09/2019,87.23,87.26,87.04,87.17,65.73,13873100,,
27/09/2019,87.16,87.23,87,87.07,65.66,13419200,,
30/09/2019,87.06,87.17,87.02,87.17,65.73,21827700,,
01/10/2019,86.84,86.86,86.55,86.62,65.58,27665700,,
02/10/2019,86.57,86.58,86.04,86.11,65.2,33789500,,
03/10/2019,86.12,86.24,85.75,86.16,65.23,30387800,,
04/10/2019,86.27,86.44,86.2,86.43,65.44,17588600,,
07/10/2019,86.37,86.49,86.25,86.36,65.38,14542500,,
08/10/2019,86.27,86.32,86.04,86.04,65.14,15471500,,
09/10/2019,86.27,86.38,86.25,86.3,65.34,11351300,,
10/10/2019,86.32,86.48,86.3,86.41,65.42,11092800,,
11/10/2019,86.64,86.83,86.57,86.77,65.7,18661400,,
14/10/2019,86.77,86.87,86.69,86.83,65.74,9842600,,
15/10/2019,86.84,87.07,86.8,87.02,65.88,26321500,,
16/10/2019,86.99,87.01,86.94,86.95,65.83,11813000,,
17/10/2019,87.01,87.1,87,87.07,65.92,14814300,,
18/10/2019,87.07,87.13,86.96,87.09,65.94,21363700,,
21/10/2019,87.16,87.17,87.11,87.12,65.96,10090400,,
22/10/2019,87.18,87.18,87.08,87.14,65.98,15464300,,
23/10/2019,87.15,87.23,87.09,87.22,66.04,9097500,,
24/10/2019,87.26,87.32,87.17,87.32,66.11,14832800,,
25/10/2019,87.3,87.42,87.3,87.39,66.16,11593600,,
28/10/2019,87.4,87.44,87.36,87.38,66.16,10646500,,
29/10/2019,87.37,87.4,87.2,87.22,66.04,10655700,,
30/10/2019,87.27,87.28,87,87.11,65.95,24566400,,
31/10/2019,87.09,87.1,86.79,86.81,65.73,24576400,,
01/11/2019,86.59,86.91,86.58,86.82,66.01,23894100,,
04/11/2019,86.98,87.05,86.94,87,66.14,14135800,,
05/11/2019,87.07,87.08,86.82,86.91,66.08,21946800,,
06/11/2019,86.91,86.91,86.78,86.81,66,8976900,,
07/11/2019,86.94,86.98,86.75,86.77,65.97,15077600,,
08/11/2019,86.76,86.88,86.64,86.85,66.03,11692800,,
11/11/2019,86.77,86.84,86.68,86.8,65.99,4933600,,
12/11/2019,86.75,86.89,86.73,86.82,66.01,14690200,,
13/11/2019,86.73,86.77,86.68,86.73,65.94,15333600,,
14/11/2019,86.74,86.8,86.65,86.68,65.9,14965100,,
15/11/2019,86.77,86.95,86.76,86.94,66.1,12996200,,
18/11/2019,86.87,86.9,86.79,86.83,66.02,13135800,,
19/11/2019,86.74,86.75,86.52,86.52,65.78,20175500,,
20/11/2019,86.47,86.58,86.33,86.34,65.64,22566100,,
21/11/2019,86.43,86.45,86.27,86.36,65.66,17853800,,
22/11/2019,86.49,86.69,86.4,86.69,65.91,20394800,,
25/11/2019,86.71,86.94,86.71,86.92,66.08,16885300,,
26/11/2019,86.95,87.02,86.9,87.02,66.16,11469400,,
27/11/2019,86.99,87.15,86.95,87.13,66.24,11814700,,
29/11/2019,87.11,87.11,86.93,86.94,66.1,11519500,,
02/12/2019,86.63,86.63,86.35,86.54,66.05,20966400,,
03/12/2019,86.34,86.47,86.24,86.42,65.96,29757200,,
04/12/2019,86.46,86.71,86.46,86.68,66.16,12406800,,
05/12/2019,86.74,86.81,86.58,86.81,66.26,18158900,,
06/12/2019,86.95,87.01,86.85,86.93,66.35,16094700,,
09/12/2019,86.9,87,86.9,86.93,66.35,18034300,,
10/12/2019,86.93,87.15,86.9,87.14,66.51,15117100,,
11/12/2019,87.16,87.34,87.09,87.32,66.65,14127500,,
12/12/2019,87.36,87.61,87.33,87.52,66.8,18958100,,
13/12/2019,87.55,87.65,87.5,87.61,66.87,18088100,,
16/12/2019,87.74,87.83,87.7,87.78,67,17517400,,
17/12/2019,87.79,88.05,87.79,88.05,67.21,18650700,,
18/12/2019,88.09,88.25,88.06,88.21,67.33,31575700,,
19/12/2019,87.91,87.93,87.72,87.85,67.29,29429300,,
20/12/2019,87.95,87.99,87.7,87.72,67.19,31918800,,
23/12/2019,87.75,87.8,87.73,87.76,67.22,9720200,,
24/12/2019,87.78,87.83,87.73,87.83,67.28,4854900,,
26/12/2019,87.94,87.99,87.89,87.96,67.38,11382700,,
27/12/2019,88.02,88.02,87.89,87.92,67.35,11627100,,
30/12/2019,88,88.02,87.77,87.86,67.3,12524300,,
31/12/2019,87.86,87.95,87.81,87.94,67.36,8310800,,
02/01/2020,88.1,88.32,88.05,88.31,67.65,15756600,,
03/01/2020,88.12,88.28,88.04,88.22,67.58,17342200,,
06/01/2020,88.11,88.18,88.05,88.13,67.51,17936900,,
07/01/2020,88.14,88.16,88.04,88.05,67.45,9640300,,
08/01/2020,88.07,88.23,88.02,88.13,67.51,16088100,,
09/01/2020,88.24,88.37,88.17,88.36,67.68,16649500,,
10/01/2020,88.37,88.41,88.3,88.39,67.71,16182900,,
13/01/2020,88.4,88.45,88.35,88.39,67.71,17762400,,
14/01/2020,88.37,88.49,88.28,88.38,67.7,29157100,,
15/01/2020,88.4,88.53,88.39,88.4,67.71,24637900,,
16/01/2020,88.47,88.53,88.38,88.43,67.74,22349200,,
17/01/2020,88.48,88.51,88.36,88.36,67.68,29626700,,
21/01/2020,88.34,88.43,88.17,88.17,67.54,19724900,,
22/01/2020,88.31,88.37,88.23,88.33,67.66,17731800,,
23/01/2020,88.18,88.2,88.02,88.06,67.45,28566200,,
24/01/2020,88.07,88.07,87.65,87.69,67.17,40838300,,
27/01/2020,87.24,87.38,86.96,87.1,66.72,41372700,,
28/01/2020,87.5,87.96,87.39,87.85,67.29,32628300,,
29/01/2020,87.97,88.23,87.78,87.8,67.26,17308200,,
30/01/2020,87.51,87.91,87.5,87.89,67.32,20103300,,
31/01/2020,87.8,87.8,87.39,87.53,67.05,35659700,,
03/02/2020,87.33,87.47,87.13,87.15,67.04,25754700,,
04/02/2020,87.5,87.69,87.48,87.67,67.44,25063800,,
05/02/2020,87.88,88.06,87.84,88.03,67.71,36687700,,
06/02/2020,88,88.15,87.87,88.1,67.77,18329900,,
07/02/2020,87.99,88.05,87.88,87.97,67.67,12865100,,
10/02/2020,87.95,88.1,87.88,88.09,67.76,14220000,,
11/02/2020,88.27,88.28,88.15,88.15,67.81,16821500,,
12/02/2020,88.32,88.46,88.26,88.38,67.98,26688200,,
13/02/2020,88.31,88.46,88.29,88.41,68.01,13297900,,
14/02/2020,88.44,88.49,88.35,88.4,68,11398800,,
18/02/2020,88.35,88.4,88.15,88.22,67.86,26635300,,
19/02/2020,88.31,88.37,88.25,88.26,67.89,18547500,,
20/02/2020,88.32,88.44,88.06,88.41,68.01,31277000,,
21/02/2020,88.34,88.38,88.16,88.33,67.95,23027000,,
24/02/2020,87.5,87.6,87.2,87.38,67.21,57828300,,
25/02/2020,87.76,87.81,86.69,86.77,66.75,68418000,,
26/02/2020,86.93,87.25,86.6,86.86,66.81,69233800,,
27/02/2020,86.13,86.69,85.52,85.69,65.91,72596300,,
28/02/2020,84.69,86.15,84.69,86.04,66.18,97472600,,
02/03/2020,85.64,86.4,85.23,86.31,66.69,72357700,,
03/03/2020,86.38,87.19,85.74,85.94,66.4,58721000,,
04/03/2020,86.66,87.16,86.59,87.12,67.31,52664700,,
05/03/2020,86.36,86.51,85.85,86.02,66.46,62455700,,
06/03/2020,84.53,85.28,84.09,85.05,65.71,69860600,,
09/03/2020,79.64,83.49,79.64,81.39,62.88,73609600,,
10/03/2020,82.62,82.87,81.13,82.64,63.85,57598000,,
11/03/2020,81.25,81.69,80.2,80.84,62.46,60006600,,
12/03/2020,76.38,80.25,76.23,77.61,59.96,82926400,,
13/03/2020,80.13,80.28,78.14,80.05,61.85,69164600,,
16/03/2020,75.72,77.65,74.3,75.65,58.45,43080100,,
17/03/2020,75.55,77.7,74.63,76.36,59,68569400,,
18/03/2020,73.85,74.75,71.91,72.99,56.39,54289800,,
19/03/2020,71.86,72.67,70.77,71.35,55.13,45706300,,
20/03/2020,71.41,72.14,69.41,69.75,53.89,55796500,,
23/03/2020,70.05,70.12,67.52,68.63,53.03,48862100,,
24/03/2020,70.09,71.95,69.9,71.46,55.21,51304000,,
25/03/2020,72.25,75.57,72.08,73.47,56.77,45692600,,
26/03/2020,74.01,76.83,73.7,76.83,59.36,41965200,,
27/03/2020,75.44,78.37,75.36,77.03,59.52,66536800,,
30/03/2020,77.1,78.04,76.64,77.69,60.03,35016900,,
31/03/2020,77.37,77.71,76.98,77.07,59.55,31103400,,
01/04/2020,75.18,75.27,74.37,74.58,57.91,36859100,,
02/04/2020,74.37,76.3,74.23,75.16,58.36,31824800,,
03/04/2020,75,75.2,73.32,73.55,57.11,39986200,,
06/04/2020,75.06,75.56,74.81,75.34,58.5,32347800,,
07/04/2020,76.43,76.72,75.24,75.34,58.5,35120800,,
08/04/2020,75.96,77.63,75.69,77.3,60.02,46291400,,
09/04/2020,81.97,84.05,81.49,82.36,63.95,88846900,,
13/04/2020,81.81,81.92,80.42,81.18,63.04,40390500,,
14/04/2020,81.91,82.09,80.97,81.52,63.3,37632800,,
15/04/2020,80.25,80.91,79.96,80.76,62.71,34367500,,
16/04/2020,80.56,80.75,79.93,80.68,62.65,25821900,,
17/04/2020,81.32,81.4,80.85,81.09,62.97,38251800,,
20/04/2020,80.29,80.79,79.72,79.87,62.02,24676200,,
21/04/2020,78.96,79.06,78.25,78.41,60.89,42335600,,
22/04/2020,79.26,79.37,78.84,79.1,61.42,15720900,,
23/04/2020,79.25,79.66,78.73,79.06,61.39,23896700,,
24/04/2020,79.12,79.23,78.16,78.32,60.82,37915200,,
27/04/2020,78.7,78.93,78.51,78.64,61.06,20550700,,
28/04/2020,79.07,79.12,78.44,78.88,61.25,23927600,,
29/04/2020,79.43,80.36,79.27,80.27,62.33,34838300,,
30/04/2020,79.85,80.56,79.53,80.43,62.45,34636000,,
01/05/2020,79.34,79.54,78.61,78.68,61.38,31859400,,
04/05/2020,78.53,78.87,78.2,78.57,61.29,20400900,,
05/05/2020,78.82,79.25,78.82,79.25,61.82,26484200,,
06/05/2020,79.33,79.43,78.77,78.8,61.47,18823300,,
07/05/2020,79.2,79.71,78.97,79,61.63,19581700,,
08/05/2020,79.33,79.76,79.27,79.75,62.21,21770400,,
11/05/2020,79.58,79.72,79.34,79.39,61.93,14285100,,
12/05/2020,79.91,80,79.29,79.29,61.85,25332700,,
13/05/2020,79.35,79.42,78.74,78.87,61.53,29962000,,
14/05/2020,78.46,78.9,77.98,78.6,61.31,30429100,,
15/05/2020,78.37,78.84,78.17,78.71,61.4,34133400,,
18/05/2020,79.96,80.16,79.66,80.1,62.49,31900200,,
19/05/2020,80.04,80.43,79.89,80.2,62.56,18536500,,
20/05/2020,80.62,81.25,80.55,81.05,63.23,36053700,,
21/05/2020,81.03,81.23,80.8,81.03,63.21,23307300,,
22/05/2020,80.95,81.33,80.81,81.23,63.37,11311900,,
26/05/2020,81.83,82.16,81.18,81.84,63.84,27673800,,
27/05/2020,82.42,82.45,81.66,82.01,63.98,24905000,,
28/05/2020,82.13,82.55,81.94,82.09,64.04,23282500,,
29/05/2020,82.05,82.62,81.88,82.42,64.29,32189000,,
01/06/2020,81.94,82.75,81.82,82.72,64.78,46987000,,
02/06/2020,82.85,83.58,82.62,83.54,65.42,35930900,,
03/06/2020,83.88,84.38,83.78,83.93,65.73,35991000,,
04/06/2020,83.84,83.98,83.52,83.67,65.53,36405800,,
05/06/2020,84.57,85.03,84.4,84.46,66.14,35306500,,
08/06/2020,84.66,84.68,84.35,84.56,66.22,20493100,,
09/06/2020,84.11,84.15,83.58,83.9,65.71,28412400,,
10/06/2020,83.79,84.22,83.26,83.78,65.61,36663100,,
11/06/2020,82.58,82.62,81.47,81.63,63.93,48794500,,
12/06/2020,82.74,82.87,81.85,82.44,64.56,36156800,,
15/06/2020,81.9,83.78,81.72,83.24,65.19,39432300,,
16/06/2020,84.25,84.33,83.31,83.58,65.45,40976300,,
17/06/2020,83.52,83.62,83.15,83.19,65.15,17066700,,
18/06/2020,82.96,83.21,82.83,83.16,65.13,22223600,,
19/06/2020,83.32,83.37,82.71,82.88,64.91,32037600,,
22/06/2020,82.87,83.03,82.69,82.82,64.86,21536000,,
23/06/2020,83.11,83.14,82.89,82.94,64.95,17438000,,
24/06/2020,82.68,82.78,81.54,82.09,64.29,43720600,,
25/06/2020,81.87,82.17,81.49,82.12,64.31,31159700,,
26/06/2020,82.01,82.01,81.23,81.34,63.7,33705800,,
29/06/2020,81.44,81.45,80.48,80.88,63.34,76540200,,
30/06/2020,81.15,81.8,81.08,81.62,63.92,40554300,,
01/07/2020,81.41,81.77,81.41,81.53,64.12,28799100,,
02/07/2020,82.24,82.51,81.97,82.13,64.59,30623300,,
06/07/2020,82.62,82.74,82.41,82.72,65.05,22888200,,
07/07/2020,82.63,82.84,82.13,82.17,64.62,22408000,,
08/07/2020,82.13,82.5,82.12,82.39,64.8,21155700,,
09/07/2020,82.39,82.46,81.83,82.21,64.65,21655600,,
10/07/2020,82.07,82.54,81.98,82.49,64.87,17903400,,
13/07/2020,82.8,82.91,82.03,82.04,64.52,20039400,,
14/07/2020,82.04,82.78,82.04,82.74,65.07,31929700,,
15/07/2020,83.24,83.31,82.91,83.21,65.44,21291300,,
16/07/2020,83.16,83.3,83.08,83.29,65.5,17570400,,
17/07/2020,83.48,83.55,83.21,83.52,65.68,22863700,,
20/07/2020,83.59,84.06,83.51,84.02,66.08,16701600,,
21/07/2020,84.3,84.58,84.27,84.41,66.38,22331600,,
22/07/2020,84.5,84.62,84.34,84.58,66.52,15251400,,
23/07/2020,84.57,84.62,83.97,84.52,66.47,28434900,,
24/07/2020,84.34,84.7,84.3,84.6,66.53,14977500,,
27/07/2020,84.73,84.82,84.51,84.8,66.69,12931500,,
28/07/2020,84.72,84.8,84.5,84.58,66.52,14862900,,
29/07/2020,84.84,85.11,84.7,85.05,66.89,18012800,,
30/07/2020,84.78,85.27,84.74,85.23,67.03,54812400,,
31/07/2020,85.2,85.4,84.9,85.39,67.15,28623100,,
03/08/2020,85.03,85.11,84.85,85.07,67.17,17480600,,
04/08/2020,84.97,85.07,84.8,85.04,67.15,17120700,,
05/08/2020,85.06,85.23,85.01,85.19,67.27,14566000,,
06/08/2020,85.19,85.4,85.1,85.38,67.42,13258600,,
07/08/2020,85.35,85.35,85.05,85.17,67.25,14289900,,
10/08/2020,85.26,85.3,85.01,85.21,67.28,13708700,,
11/08/2020,85.25,85.27,84.4,84.44,66.67,20535400,,
12/08/2020,84.81,85.02,84.46,84.46,66.69,18003400,,
13/08/2020,84.48,84.81,84.15,84.23,66.51,28444900,,
14/08/2020,84.21,84.3,83.92,84.08,66.39,14072300,,
17/08/2020,84.16,84.62,84.1,84.58,66.78,13756500,,
18/08/2020,84.62,84.77,84.41,84.71,66.89,24900300,,
19/08/2020,84.67,84.79,84.37,84.47,66.7,18738300,,
20/08/2020,84.33,84.75,84.32,84.75,66.92,19912800,,
21/08/2020,84.75,84.81,84.63,84.74,66.91,17570600,,
24/08/2020,84.9,85.17,84.89,85.13,67.22,16058100,,
25/08/2020,85.14,85.28,84.91,85.22,67.29,24018600,,
26/08/2020,85.23,85.37,85.17,85.21,67.28,16243100,,
27/08/2020,85.32,85.35,84.9,85.08,67.18,19861800,,
28/08/2020,85.13,85.27,85.09,85.15,67.23,14418500,,
31/08/2020,85.13,85.23,84.99,85.03,67.14,21473800,,
01/09/2020,84.71,85.23,84.64,85.15,67.5,22774200,,
02/09/2020,85.2,85.39,84.95,85.25,67.58,15878600,,
03/09/2020,85.1,85.12,84.37,84.72,67.16,34169800,,
04/09/2020,84.8,84.94,83.98,84.49,66.98,36087300,,
08/09/2020,84.14,84.41,83.91,84.02,66.61,34967600,,
09/09/2020,84.38,84.74,84.25,84.68,67.13,32976800,,
10/09/2020,84.81,84.83,84.25,84.28,66.82,32866300,,
11/09/2020,84.34,84.49,84.1,84.45,66.95,20807100,,
14/09/2020,84.62,84.7,84.27,84.36,66.88,28958000,,
15/09/2020,84.55,84.72,84.44,84.59,67.06,22176900,,
16/09/2020,84.65,84.99,84.51,84.59,67.06,26951200,,
17/09/2020,84.31,84.66,84.23,84.5,66.99,25752400,,
18/09/2020,84.67,84.69,84.25,84.29,66.82,29891800,,
21/09/2020,83.93,84.03,83.38,83.61,66.28,42968900,,
22/09/2020,83.71,83.95,83.52,83.9,66.51,41396800,,
23/09/2020,83.98,83.98,82.96,83.05,65.84,39577800,,
24/09/2020,82.87,83.34,82.56,83.1,65.88,38755800,,
25/09/2020,83,83.16,82.76,82.95,65.76,36032200,,
28/09/2020,83.38,83.62,83.19,83.49,66.19,20277000,,
29/09/2020,83.56,83.61,83.29,83.56,66.24,20243400,,
30/09/2020,83.56,84.03,83.55,83.9,66.51,28797600,,
01/10/2020,83.81,83.89,83.69,83.83,66.74,31098000,,
02/10/2020,83.28,83.87,83.28,83.83,66.74,26284300,,
05/10/2020,83.99,84.48,83.92,84.46,67.24,27394000,,
06/10/2020,84.48,84.75,84.22,84.27,67.09,37848500,,
07/10/2020,84.52,84.63,84.47,84.57,67.33,20968200,,
08/10/2020,84.84,84.85,84.64,84.76,67.48,18738800,,
09/10/2020,84.89,85.03,84.76,84.95,67.63,21287800,,
12/10/2020,85.22,85.47,85.13,85.38,67.98,10503400,,
13/10/2020,85.16,85.26,84.93,85,67.67,25183100,,
14/10/2020,84.96,85.02,84.72,84.79,67.51,31620600,,
15/10/2020,84.45,84.78,84.32,84.73,67.46,32232100,,
16/10/2020,84.86,84.94,84.52,84.63,67.38,27456900,,
19/10/2020,84.8,84.86,84.3,84.33,67.14,20998100,,
20/10/2020,84.48,84.77,84.47,84.63,67.38,27650700,,
21/10/2020,84.62,84.8,84.53,84.62,67.37,26901600,,
22/10/2020,84.61,84.84,84.45,84.77,67.49,28977800,,
23/10/2020,84.9,84.92,84.67,84.87,67.57,20734700,,
26/10/2020,84.56,84.62,84.09,84.12,66.97,50102400,,
27/10/2020,84.18,84.34,84.12,84.16,67.01,30880900,,
28/10/2020,83.61,83.72,83.31,83.46,66.45,45794300,,
29/10/2020,83.4,83.74,83.27,83.7,66.64,37112600,,
30/10/2020,83.63,83.92,83.43,83.88,66.78,36801700,,
02/11/2020,83.78,83.85,83.49,83.72,66.94,25665400,,
03/11/2020,83.89,84.44,83.89,84.44,67.52,39777600,,
04/11/2020,84.69,85.41,84.66,85.23,68.15,57673400,,
05/11/2020,85.64,85.88,85.42,85.53,68.39,55079000,,
06/11/2020,85.56,85.58,85.11,85.23,68.15,25953400,,
09/11/2020,86.88,86.9,85.84,85.88,68.67,59347100,,
10/11/2020,85.78,86.06,83.38,85.76,68.57,39295700,,
11/11/2020,85.92,85.93,85.63,85.73,68.55,14416200,,
12/11/2020,85.65,85.65,85.15,85.15,68.08,43300100,,
13/11/2020,85.25,85.53,85.24,85.44,68.32,20277100,,
16/11/2020,85.9,85.96,85.69,85.92,68.7,28350400,,
17/11/2020,85.78,86.11,85.72,85.95,68.72,23747100,,
18/11/2020,86.04,86.14,85.76,85.79,68.6,22098900,,
19/11/2020,85.71,86.14,85.65,86.08,68.83,21704200,,
20/11/2020,85.92,86.02,85.85,85.92,68.7,48530200,,
23/11/2020,86.14,86.21,85.96,86.05,68.8,23790600,,
24/11/2020,86.32,86.52,86.21,86.31,69.01,26080100,,
25/11/2020,86.3,86.42,86.19,86.27,68.98,26510900,,
27/11/2020,86.43,86.5,86.39,86.41,69.09,7338500,,
30/11/2020,86.43,86.43,86.15,86.32,69.02,24256900,,
01/12/2020,86.25,86.39,86.18,86.2,69.2,26256700,,
02/12/2020,86.22,86.55,86.15,86.44,69.39,23705000,,
03/12/2020,86.52,86.7,86.44,86.49,69.43,20748400,,
04/12/2020,86.67,86.9,86.52,86.85,69.72,19362000,,
07/12/2020,86.8,86.84,86.68,86.81,69.69,17811300,,
08/12/2020,86.77,86.85,86.7,86.74,69.63,21408300,,
09/12/2020,86.85,86.85,86.49,86.61,69.53,36608500,,
10/12/2020,86.48,86.88,86.46,86.77,69.66,24251500,,
11/12/2020,86.72,86.86,86.54,86.68,69.58,17699600,,
14/12/2020,86.83,86.88,86.6,86.7,69.6,20705200,,
15/12/2020,86.85,87,86.68,86.97,69.82,25052800,,
16/12/2020,86.94,86.97,86.6,86.84,69.71,42386700,,
17/12/2020,86.59,86.68,86.51,86.61,69.82,23911400,,
18/12/2020,86.65,86.72,86.55,86.68,69.87,26741200,,
21/12/2020,86.38,86.55,86.22,86.37,69.62,30308300,,
22/12/2020,86.43,86.54,86.35,86.48,69.71,21975100,,
23/12/2020,86.62,86.91,86.6,86.87,70.03,15913900,,
24/12/2020,86.95,87.05,86.94,87.05,70.17,7327300,,
28/12/2020,87.18,87.23,87.04,87.16,70.26,22575500,,
29/12/2020,87.31,87.31,87.04,87.05,70.17,22893000,,
30/12/2020,87.08,87.28,87.08,87.23,70.32,21080100,,
31/12/2020,87.21,87.34,87.17,87.3,70.37,12059900,,
04/01/2021,87.4,87.4,86.87,87.12,70.23,34528300,,
05/01/2021,87.02,87.25,86.98,87.15,70.25,33725500,,
06/01/2021,87.09,87.34,86.97,86.99,70.12,37148100,,
07/01/2021,87.18,87.37,87.13,87.24,70.32,25868200,,
08/01/2021,87.35,87.38,87.14,87.37,70.43,27403600,,
11/01/2021,87.02,87.17,86.89,86.9,70.05,26608000,,
12/01/2021,86.89,87.07,86.79,87.01,70.14,41746100,,
13/01/2021,86.98,87.31,86.95,87.27,70.35,47710300,,
14/01/2021,87.27,87.38,87.22,87.25,70.33,25484800,,
15/01/2021,87.14,87.27,87.05,87.11,70.22,48134800,,
19/01/2021,87.35,87.38,87.15,87.36,70.42,24270500,,
20/01/2021,87.62,87.62,87.37,87.52,70.55,24534700,,
21/01/2021,87.47,87.57,87.38,87.47,70.51,20451400,,
22/01/2021,87.28,87.39,87.18,87.3,70.37,26615900,,
25/01/2021,87.3,87.34,87.03,87.32,70.39,28718200,,
26/01/2021,87.29,87.33,87.18,87.19,70.28,39103500,,
27/01/2021,87.02,87.22,86.81,86.94,70.08,46378600,,
28/01/2021,87.16,87.49,87.14,87.2,70.29,38836200,,
29/01/2021,87.13,87.37,86.89,86.97,70.11,46095900,,
01/02/2021,86.81,86.97,86.66,86.93,70.33,35620700,,
02/02/2021,87.15,87.26,87.09,87.14,70.5,29522300,,
03/02/2021,87.2,87.36,87.17,87.21,70.56,31911000,,
04/02/2021,87.35,87.47,87.31,87.39,70.7,21181100,,
05/02/2021,87.63,87.65,87.48,87.52,70.81,21653100,,
08/02/2021,87.59,87.78,87.56,87.78,71.02,16590100,,
09/02/2021,87.65,87.73,87.57,87.62,70.89,14404300,,
10/02/2021,87.62,87.68,87.47,87.6,70.87,20469400,,
11/02/2021,87.64,87.68,87.54,87.64,70.9,17047200,,
12/02/2021,87.55,87.79,87.55,87.78,71.02,17800100,,
16/02/2021,87.73,87.74,87.57,87.64,70.9,22264400,,
17/02/2021,87.46,87.61,87.43,87.61,70.88,20276700,,
18/02/2021,87.47,87.59,87.39,87.49,70.78,26366700,,
19/02/2021,87.63,87.63,87.48,87.5,70.79,28124800,,
22/02/2021,87.37,87.46,87.23,87.23,70.57,25455400,,
23/02/2021,87.19,87.51,87.01,87.44,70.74,29015900,,
24/02/2021,87.31,87.53,87.23,87.53,70.82,21791800,,
25/02/2021,87.33,87.42,86.6,86.7,70.14,59413400,,
26/02/2021,86.88,86.92,86.41,86.44,69.93,46615300,,
01/03/2021,86.67,87.16,86.56,87.1,70.72,48014200,,
02/03/2021,87.15,87.16,86.93,86.97,70.61,23988500,,
03/03/2021,86.84,86.91,86.66,86.69,70.39,30197000,,
04/03/2021,86.75,86.95,86.08,86.36,70.12,49020300,,
05/03/2021,86.49,86.72,86.09,86.62,70.33,46950100,,
08/03/2021,86.57,86.64,85.97,85.99,69.82,39868700,,
09/03/2021,86.22,86.45,86.08,86.11,69.92,31441100,,
10/03/2021,86.22,86.5,86.15,86.38,70.13,23776600,,
11/03/2021,86.58,86.86,86.58,86.7,70.39,27728500,,
12/03/2021,86.56,86.6,86.37,86.46,70.2,21842000,,
15/03/2021,86.4,86.55,86.31,86.47,70.21,14719400,,
16/03/2021,86.43,86.49,86.18,86.27,70.05,22931400,,
17/03/2021,86.1,86.65,86.04,86.39,70.14,28345800,,
18/03/2021,86.06,86.17,85.71,85.73,69.61,37150300,,
19/03/2021,85.86,86.15,85.65,86.06,69.87,47467800,,
22/03/2021,86.2,86.52,86.15,86.37,70.13,32979500,,
23/03/2021,86.35,86.5,86.25,86.46,70.2,24705800,,
24/03/2021,86.54,86.8,86.51,86.51,70.24,31374500,,
25/03/2021,86.45,86.66,86.36,86.66,70.36,24070300,,
26/03/2021,86.76,86.93,86.57,86.92,70.57,25948000,,
29/03/2021,86.86,87,86.7,86.97,70.61,17447500,,
30/03/2021,86.83,86.88,86.74,86.76,70.44,19622100,,
31/03/2021,86.86,87.21,86.85,87.18,70.78,41604700,,
01/04/2021,86.97,87.07,86.85,87.07,70.93,30806600,,
05/04/2021,87.08,87.18,87.04,87.11,70.97,20758300,,
06/04/2021,87.13,87.3,87.13,87.26,71.09,15367900,,
07/04/2021,87.28,87.32,87.17,87.23,71.06,15645400,,
08/04/2021,87.33,87.36,87.24,87.26,71.09,11052100,,
09/04/2021,87.15,87.21,87.1,87.2,71.04,17413100,,
12/04/2021,87.1,87.14,87.02,87.11,70.97,15464500,,
13/04/2021,87.01,87.2,86.91,87.17,71.02,20643500,,
14/04/2021,87.19,87.29,87.09,87.13,70.98,17992800,,
15/04/2021,87.33,87.48,87.27,87.48,71.27,20944400,,
16/04/2021,87.5,87.53,87.3,87.3,71.12,32509300,,
19/04/2021,87.2,87.29,87.12,87.16,71.01,23904900,,
20/04/2021,87.06,87.14,86.96,87.01,70.89,22901000,,
21/04/2021,86.97,87.3,86.96,87.3,71.12,19527000,,
22/04/2021,87.32,87.33,87.12,87.14,70.99,18506500,,
23/04/2021,87.2,87.45,87.19,87.37,71.18,14388700,,
26/04/2021,87.38,87.48,87.29,87.33,71.15,12746100,,
27/04/2021,87.38,87.38,87.21,87.21,71.05,17660600,,
28/04/2021,87.24,87.45,87.17,87.38,71.19,14795000,,
29/04/2021,87.55,87.55,87.35,87.48,71.27,17152900,,
30/04/2021,87.37,87.49,87.35,87.44,71.24,23367500,,
03/05/2021,87.23,87.33,87.17,87.18,71.26,15782400,,
04/05/2021,87.11,87.15,86.97,87.13,71.22,23089700,,
05/05/2021,87.19,87.32,87.17,87.3,71.36,13676300,,
06/05/2021,87.29,87.34,87.15,87.27,71.34,23110100,,
07/05/2021,87.35,87.41,87.23,87.33,71.39,17872700,,
10/05/2021,87.36,87.38,87.13,87.13,71.22,16580800,,
11/05/2021,86.9,87.09,86.81,87.04,71.15,28683600,,
12/05/2021,86.92,86.98,86.62,86.62,70.81,31630100,,
13/05/2021,86.77,87,86.76,86.93,71.06,28689600,,
14/05/2021,87.05,87.21,87.02,87.21,71.29,22550800,,
17/05/2021,87.2,87.21,86.99,87.05,71.16,13545000,,
18/05/2021,87.17,87.17,86.83,86.84,70.99,16447500,,
19/05/2021,86.6,86.84,86.57,86.61,70.8,34701000,,
20/05/2021,86.68,87.34,86.68,86.98,71.1,28013700,,
21/05/2021,87.08,87.13,86.92,87.11,71.21,36466200,,
24/05/2021,87.18,87.31,87.1,87.21,71.29,24277800,,
25/05/2021,87.26,87.28,87.14,87.22,71.3,15466600,,
26/05/2021,87.16,87.27,87.16,87.25,71.32,14354900,,
27/05/2021,87.38,87.38,87.2,87.21,71.29,12682100,,
28/05/2021,87.3,87.35,87.18,87.18,71.26,15464100,,
01/06/2021,87.06,87.16,87,87.15,71.48,22655300,,
02/06/2021,87.15,87.27,87.12,87.26,71.57,13698300,,
03/06/2021,87.03,87.23,86.99,87.08,71.42,16701800,,
04/06/2021,87.23,87.31,87.17,87.27,71.58,26829200,,
07/06/2021,87.29,87.35,87.26,87.3,71.6,9189800,,
08/06/2021,87.44,87.44,87.31,87.36,71.65,10983900,,
09/06/2021,87.47,87.49,87.4,87.43,71.71,13232200,,
10/06/2021,87.5,87.66,87.46,87.59,71.84,15290000,,
11/06/2021,87.65,87.69,87.55,87.62,71.86,12559600,,
14/06/2021,87.59,87.59,87.47,87.54,71.8,19408600,,
15/06/2021,87.48,87.57,87.44,87.53,71.79,16037000,,
16/06/2021,87.53,87.57,87.26,87.41,71.69,21267200,,
17/06/2021,87.46,87.5,87.38,87.47,71.74,21099000,,
18/06/2021,87.34,87.45,87.29,87.43,71.71,35134500,,
21/06/2021,87.52,87.6,87.45,87.6,71.85,21265000,,
22/06/2021,87.57,87.66,87.52,87.66,71.9,14604400,,
23/06/2021,87.63,87.75,87.57,87.57,71.82,16583100,,
24/06/2021,87.74,87.84,87.7,87.84,72.04,12722300,,
25/06/2021,87.85,87.95,87.83,87.93,72.12,16175000,,
28/06/2021,87.97,87.97,87.86,87.92,72.11,16019300,,
29/06/2021,87.94,88.03,87.93,88.03,72.2,12728000,,
30/06/2021,87.97,88.07,87.96,88.04,72.21,26093500,,
01/07/2021,87.83,87.92,87.81,87.92,72.35,31932400,,
02/07/2021,87.96,88.07,87.92,88.06,72.46,11464800,,
06/07/2021,88.06,88.08,87.94,88.01,72.42,17784300,,
07/07/2021,88.09,88.1,87.93,88.04,72.45,11463700,,
08/07/2021,87.81,87.93,87.77,87.85,72.29,21936400,,
09/07/2021,87.88,88.02,87.87,88,72.41,17698100,,
12/07/2021,88,88.02,87.89,87.97,72.39,17546700,,
13/07/2021,87.92,87.96,87.7,87.71,72.18,26938600,,
14/07/2021,87.81,87.88,87.74,87.85,72.29,16100200,,
15/07/2021,87.77,87.82,87.72,87.79,72.24,16384800,,
16/07/2021,87.84,87.84,87.64,87.67,72.14,17820400,,
19/07/2021,87.46,87.49,86.98,87.08,71.66,54224700,,
20/07/2021,87.16,87.53,87.08,87.52,72.02,26941300,,
21/07/2021,87.58,87.76,87.56,87.73,72.19,18522600,,
22/07/2021,87.74,87.85,87.65,87.78,72.23,17110500,,
23/07/2021,87.88,87.99,87.83,87.95,72.37,19441000,,
26/07/2021,87.92,87.97,87.78,87.82,72.27,15282700,,
27/07/2021,87.7,87.77,87.56,87.7,72.17,19919000,,
28/07/2021,87.8,87.85,87.67,87.77,72.23,15129200,,
29/07/2021,87.83,88,87.83,87.96,72.38,18675000,,
30/07/2021,87.93,87.97,87.84,87.84,72.28,21062100,,
02/08/2021,87.67,87.69,87.34,87.34,72.1,27274400,,
03/08/2021,87.39,87.46,87.28,87.44,72.19,16058700,,
04/08/2021,87.37,87.42,87.28,87.28,72.05,17113300,,
05/08/2021,87.33,87.52,87.33,87.48,72.22,15465700,,
06/08/2021,87.43,87.52,87.37,87.38,72.14,12923200,,
09/08/2021,87.34,87.36,87.18,87.18,71.97,10788700,,
10/08/2021,87.19,87.2,86.97,86.98,71.81,31522900,,
11/08/2021,87.04,87.16,87.01,87.12,71.92,15834400,,
12/08/2021,87.12,87.29,87.09,87.27,72.05,14127800,,
13/08/2021,87.3,87.46,87.3,87.46,72.2,10016800,,
16/08/2021,87.44,87.49,87.35,87.49,72.23,12598100,,
17/08/2021,87.39,87.4,87.2,87.29,72.06,18468400,,
18/08/2021,87.3,87.39,87.09,87.09,71.9,12147600,,
19/08/2021,87,87.2,86.95,87.08,71.89,20026700,,
20/08/2021,87.1,87.33,87.09,87.29,72.06,16784100,,
23/08/2021,87.41,87.59,87.41,87.56,72.29,21933100,,
24/08/2021,87.58,87.7,87.55,87.68,72.38,20828100,,
25/08/2021,87.7,87.82,87.66,87.77,72.46,19085400,,
26/08/2021,87.76,87.77,87.58,87.72,72.42,17676100,,
27/08/2021,87.75,87.99,87.73,87.96,72.62,18519700,,
30/08/2021,87.98,88.1,87.96,88.07,72.71,11640000,,
31/08/2021,88.06,88.1,87.97,88.09,72.72,19163900,,
01/09/2021,87.84,87.98,87.82,87.89,72.79,22973500,,
02/09/2021,88,88.02,87.93,88,72.88,16521300,,
03/09/2021,87.96,88.04,87.89,88.01,72.88,6491000,,
07/09/2021,87.99,87.99,87.77,87.78,72.69,11728800,,
08/09/2021,87.79,87.91,87.71,87.88,72.78,13020900,,
09/09/2021,87.87,87.98,87.86,87.96,72.84,23024700,,
10/09/2021,88.08,88.09,87.82,87.83,72.74,16112600,,
13/09/2021,87.95,88.06,87.89,88.05,72.92,17136900,,
14/09/2021,88.08,88.12,87.97,88.01,72.88,20108000,,
15/09/2021,88.02,88.14,88.01,88.14,72.99,17069500,,
16/09/2021,88.11,88.14,87.95,88.11,72.97,13859700,,
17/09/2021,88.08,88.09,87.97,88,72.88,38948500,,
20/09/2021,87.6,87.81,87.55,87.69,72.62,49641000,,
21/09/2021,87.83,87.88,87.68,87.84,72.74,27304200,,
22/09/2021,87.97,88.08,87.85,88,72.88,24344800,,
23/09/2021,88.05,88.16,87.96,88.04,72.91,27590300,,
24/09/2021,87.96,88.02,87.86,87.91,72.8,21713200,,
27/09/2021,87.76,87.89,87.73,87.83,72.74,17652900,,
28/09/2021,87.66,87.7,87.38,87.43,72.4,35515900,,
29/09/2021,87.53,87.71,87.51,87.59,72.54,19783400,,
30/09/2021,87.64,87.68,87.38,87.49,72.45,41680700,,
01/10/2021,87.35,87.48,87.14,87.41,72.63,30062800,,
04/10/2021,87.35,87.38,87.08,87.1,72.37,24726400,,
05/10/2021,87.19,87.22,87.03,87.06,72.34,22347700,,
06/10/2021,86.87,87.04,86.77,87.01,72.3,28905900,,
07/10/2021,87.13,87.3,86.96,87.02,72.3,29054000,,
08/10/2021,87,87.05,86.76,86.76,72.09,28064300,,
11/10/2021,86.76,86.81,86.49,86.49,71.86,16068400,,
12/10/2021,86.6,86.77,86.58,86.65,72,32922200,,
13/10/2021,86.7,86.88,86.56,86.88,72.19,29370400,,
14/10/2021,87.05,87.38,87.04,87.37,72.59,26937000,,
15/10/2021,87.39,87.39,87.17,87.22,72.47,29782900,,
18/10/2021,87.02,87.18,86.99,87.18,72.44,20338400,,
19/10/2021,87.18,87.25,87.12,87.24,72.49,26103300,,
20/10/2021,87.25,87.29,87.19,87.27,72.51,19720100,,
21/10/2021,87.25,87.29,86.99,87.05,72.33,19273600,,
22/10/2021,87.02,87.06,86.8,86.84,72.15,20734400,,
25/10/2021,86.94,87.08,86.77,86.99,72.28,20230000,,
26/10/2021,87.12,87.2,87.01,87.01,72.3,19617200,,
27/10/2021,87.1,87.13,86.93,86.94,72.24,18521300,,
28/10/2021,86.98,87.16,86.98,87.16,72.42,16374700,,
29/10/2021,87.02,87.05,86.93,86.93,72.23,26521600,,
01/11/2021,86.73,86.78,86.55,86.56,72.15,29987000,,
02/11/2021,86.56,86.84,86.56,86.77,72.33,26441600,,
03/11/2021,86.71,86.96,86.69,86.94,72.47,22984200,,
04/11/2021,87.02,87.56,87,87.17,72.66,28989800,,
05/11/2021,87.3,87.52,87.25,87.5,72.93,27595000,,
08/11/2021,87.59,87.61,87.34,87.39,72.84,11957900,,
09/11/2021,87.39,87.46,87.28,87.46,72.9,13732600,,
10/11/2021,87.35,87.35,86.94,86.97,72.49,30438400,,
11/11/2021,87.03,87.04,86.82,86.82,72.37,10086100,,
12/11/2021,86.92,87.05,86.84,86.85,72.39,26392400,,
15/11/2021,86.91,86.92,86.73,86.75,72.31,17057100,,
16/11/2021,86.77,86.87,86.74,86.79,72.34,14302000,,
17/11/2021,86.82,86.84,86.7,86.7,72.27,17919200,,
18/11/2021,86.81,86.81,86.63,86.63,72.21,23421300,,
19/11/2021,86.63,86.77,86.56,86.56,72.15,45282700,,
22/11/2021,86.64,86.67,86.22,86.23,71.88,26266000,,
23/11/2021,86.23,86.37,86.03,86.11,71.78,33967100,,
24/11/2021,86,86.11,85.76,86.09,71.76,31158800,,
26/11/2021,85.61,85.62,85.34,85.47,71.24,36123400,,
29/11/2021,85.81,86.13,85.76,86,71.68,31728900,,
30/11/2021,85.96,86.07,85.52,85.64,71.38,35465700,,
01/12/2021,85.77,85.94,85.32,85.37,71.39,41845200,,
02/12/2021,85.42,86.06,85.41,86,71.92,42383500,,
03/12/2021,86.05,86.1,85.83,86,71.92,47368800,,
06/12/2021,86.03,86.48,86,86.38,72.24,28211300,,
07/12/2021,86.71,87.07,86.64,86.84,72.62,42893500,,
08/12/2021,86.78,86.87,86.68,86.82,72.61,26598200,,
09/12/2021,86.8,86.8,86.43,86.43,72.28,24939100,,
10/12/2021,86.56,86.66,86.53,86.63,72.45,20247200,,
13/12/2021,86.63,86.71,86.56,86.63,72.45,17125800,,
14/12/2021,86.5,86.59,86.33,86.48,72.32,20310500,,
15/12/2021,86.47,86.84,86.33,86.81,72.6,31699000,,
16/12/2021,86.55,86.63,86.39,86.45,72.55,27374000,,
17/12/2021,86.36,86.51,86.21,86.37,72.48,27248200,,
20/12/2021,86.13,86.29,86.09,86.22,72.35,27560400,,
21/12/2021,86.34,86.69,86.34,86.68,72.74,24390500,,
22/12/2021,86.65,86.93,86.64,86.91,72.93,17433300,,
23/12/2021,86.96,87.21,86.94,87.16,73.14,15612100,,
27/12/2021,87.17,87.32,87.13,87.25,73.22,13396700,,
28/12/2021,87.22,87.24,87.08,87.21,73.18,17150700,,
29/12/2021,87.15,87.18,87.05,87.07,73.07,16760300,,
30/12/2021,87.1,87.1,86.99,87.03,73.03,12326100,,
31/12/2021,87.06,87.12,86.98,87.01,73.01,11505300,,
03/01/2022,86.92,86.97,86.76,86.97,72.98,35368400,,
04/01/2022,87,87,86.67,86.75,72.8,33609900,,
05/01/2022,86.74,86.78,86.08,86.08,72.23,44808500,,
06/01/2022,86.1,86.32,86.05,86.09,72.24,42823200,,
07/01/2022,86.09,86.1,85.86,85.87,72.06,34630100,,
10/01/2022,85.76,85.96,85.37,85.94,72.12,52621800,,
11/01/2022,85.99,86.34,85.75,86.34,72.45,32513100,,
12/01/2022,86.47,86.52,86.34,86.48,72.57,24621400,,
13/01/2022,86.46,86.5,86.14,86.17,72.31,31699700,,
14/01/2022,86.11,86.23,86,86.09,72.24,31046200,,
18/01/2022,85.84,85.85,85.61,85.67,71.89,46331500,,
19/01/2022,85.82,85.96,85.56,85.59,71.82,31390200,,
20/01/2022,85.75,85.97,85.41,85.43,71.69,38217700,,
21/01/2022,85.43,85.6,85.33,85.44,71.7,57098000,,
24/01/2022,85.19,85.41,84.77,85.35,71.62,79230800,,
25/01/2022,85.09,85.29,84.9,85.1,71.41,43642700,,
26/01/2022,85.47,85.87,84.7,84.81,71.17,63574900,,
27/01/2022,85.02,85.12,84.25,84.44,70.86,47351000,,
28/01/2022,84.25,84.69,83.95,84.68,71.06,51496700,,
31/01/2022,84.5,84.83,84.22,84.7,71.08,78932100,,
01/02/2022,84.65,84.78,84.37,84.73,71.36,42377300,,
02/02/2022,84.9,84.96,84.61,84.86,71.47,29261500,,
03/02/2022,84.47,84.54,84.09,84.1,70.83,44760800,,
04/02/2022,83.76,83.9,83.2,83.77,70.55,65508300,,
07/02/2022,83.54,83.86,83.42,83.71,70.5,37620700,,
08/02/2022,83.78,83.85,83.58,83.62,70.42,39549000,,
09/02/2022,83.94,84.12,83.94,84.06,70.79,37641800,,
10/02/2022,83.54,83.83,82.94,82.95,69.86,57751400,,
11/02/2022,83.23,83.25,82.45,82.66,69.62,58997100,,
14/02/2022,82.65,82.83,82.22,82.52,69.5,36550200,,
15/02/2022,82.74,82.81,82.56,82.66,69.62,32724800,,
16/02/2022,82.61,83.18,82.54,83.12,70,38996000,,
17/02/2022,82.97,82.97,82.71,82.77,69.71,30755200,,
18/02/2022,82.69,82.99,82.62,82.89,69.81,43848800,,
22/02/2022,82.84,83.05,82.59,82.7,69.65,37004300,,
23/02/2022,82.85,82.91,82.53,82.55,69.52,36545400,,
24/02/2022,81.91,83.18,81.83,83.14,70.02,56132500,,
25/02/2022,83.22,83.63,83.22,83.61,70.42,44118800,,
28/02/2022,83.22,83.88,83.22,83.67,70.47,54006400,,
01/03/2022,83.43,83.64,82.95,83.13,70.27,43268500,,
02/03/2022,83.08,83.36,82.94,83.33,70.44,41489200,,
03/03/2022,83.48,83.5,82.21,83.08,70.23,23594200,,
04/03/2022,82.94,82.94,82.48,82.54,69.77,32141100,,
07/03/2022,82.39,82.41,81.75,81.82,69.16,43675900,,
08/03/2022,81.88,82.09,81.5,81.53,68.92,57474500,,
09/03/2022,82.01,82.32,81.85,82.21,69.49,31143000,,
10/03/2022,81.76,81.87,81.42,81.52,68.91,46408900,,
11/03/2022,81.63,81.65,80.86,80.93,68.41,40097000,,
14/03/2022,80.85,80.87,79.88,79.97,67.6,61536700,,
15/03/2022,80.13,80.76,80.1,80.57,68.11,57385300,,
16/03/2022,80.96,81.74,80.55,81.7,69.06,66254800,,
17/03/2022,81.77,82.3,81.75,82.26,69.53,48573700,,
18/03/2022,82.1,82.54,81.95,82.53,69.76,59780500,,
21/03/2022,82.39,82.45,81.42,81.58,68.96,62364300,,
22/03/2022,81.66,82.07,81.5,82,69.31,40148600,,
23/03/2022,81.86,82.01,81.59,81.74,69.09,36294900,,
24/03/2022,81.73,81.94,81.52,81.91,69.24,18435800,,
25/03/2022,81.92,81.92,81.26,81.32,68.74,36497500,,
28/03/2022,81.28,81.85,81.26,81.83,69.17,26886100,,
29/03/2022,82.2,82.86,82.15,82.84,70.02,49781100,,
30/03/2022,82.62,82.7,82.39,82.59,69.81,43905200,,
31/03/2022,82.69,82.73,82.27,82.29,69.56,40717600,,
01/04/2022,81.83,82.03,81.65,81.95,69.55,31316100,,
04/04/2022,82.02,82.58,82,82.57,70.08,32710900,,
05/04/2022,82.39,82.47,81.47,81.5,69.17,51886400,,
06/04/2022,80.94,81.4,80.69,80.86,68.63,67118000,,
07/04/2022,80.94,81.04,80.72,80.73,68.52,42831400,,
08/04/2022,80.48,80.73,80.23,80.24,68.1,42177200,,
11/04/2022,79.98,80.07,79.58,79.69,67.64,42293400,,
12/04/2022,80.24,80.62,80.07,80.3,68.15,38031000,,
13/04/2022,80.44,80.88,80.38,80.78,68.56,31635500,,
14/04/2022,80.78,80.89,80.03,80.24,68.1,45130400,,
18/04/2022,80.16,80.36,80,80.11,67.99,20864100,,
19/04/2022,79.96,80.19,79.86,80.04,67.93,29920800,,
20/04/2022,80.28,80.44,80.16,80.29,68.14,25769700,,
21/04/2022,80.49,80.54,79.67,79.74,67.68,38695100,,
22/04/2022,79.64,79.66,79.17,79.26,67.27,28243000,,
25/04/2022,79.4,80,79.27,79.93,67.84,35914500,,
26/04/2022,79.9,79.9,79.45,79.46,67.44,31171600,,
27/04/2022,79.47,79.67,78.99,79.07,67.11,37598600,,
28/04/2022,79.24,79.63,78.94,79.51,67.48,30808800,,
29/04/2022,79.14,79.25,78.48,78.53,66.65,35697100,,
02/05/2022,78.16,78.3,77.83,78.23,66.66,38674400,,
03/05/2022,78.4,78.76,78.35,78.64,67,42665700,,
04/05/2022,78.65,79.65,78.08,79.44,67.69,55154900,,
05/05/2022,78.97,79.02,77.81,78.03,66.48,53807900,,
06/05/2022,77.63,78,77.41,77.59,66.11,39256900,,
09/05/2022,77.13,77.31,76.72,76.77,65.41,38442700,,
10/05/2022,77.39,77.53,76.84,77.21,65.79,48419700,,
11/05/2022,77,77.49,76.74,76.75,65.39,42473500,,
12/05/2022,76.66,76.98,76.4,76.72,65.37,49069700,,
13/05/2022,76.98,77.06,76.43,76.81,65.45,49084400,,
16/05/2022,76.84,76.96,76.57,76.7,65.35,33300100,,
17/05/2022,76.86,76.87,76.44,76.63,65.29,41666500,,
18/05/2022,76.21,76.25,75.91,76,64.76,47647800,,
19/05/2022,75.95,76.67,75.87,76.51,65.19,53929100,,
20/05/2022,76.78,76.8,76.23,76.46,65.15,56691000,,
23/05/2022,76.64,76.86,76.58,76.76,65.4,29917100,,
24/05/2022,76.58,77.26,76.55,77.22,65.79,42246500,,
25/05/2022,77.31,78.44,77.27,78.39,66.79,56661500,,
26/05/2022,78.68,79.52,78.47,79.48,67.72,64773400,,
27/05/2022,79.8,80.19,79.61,80.19,68.33,52813100,,
31/05/2022,79.74,79.86,79.32,79.5,67.74,68424700,,
01/06/2022,79.23,79.45,78.75,78.9,67.49,87646100,,
02/06/2022,78.92,79.24,78.69,79.23,67.77,34752500,,
03/06/2022,78.87,78.87,78.52,78.64,67.26,36008000,,
06/06/2022,78.78,78.8,77.96,78.05,66.76,35756100,,
07/06/2022,77.79,78.32,77.73,78.23,66.91,31499900,,
08/06/2022,78.04,78.07,77.46,77.56,66.34,25361600,,
09/06/2022,77.26,77.51,76.79,76.94,65.81,49468700,,
10/06/2022,76.2,76.22,75.28,75.63,64.69,59907000,,
13/06/2022,74.25,74.31,72.89,73.1,62.53,122714600,,
14/06/2022,73.45,74.23,73.05,73.58,62.94,62818600,,
15/06/2022,74.2,75.39,74.04,75.01,64.16,70628200,,
16/06/2022,73.9,74.15,73.22,73.82,63.14,61583400,,
17/06/2022,73.99,74.57,73.81,74.05,63.34,49281000,,
21/06/2022,74.5,74.67,73.93,74,63.3,45924600,,
22/06/2022,73.87,74.25,73.81,73.98,63.28,38204800,,
23/06/2022,74.19,74.58,74.08,74.51,63.73,30961800,,
24/06/2022,74.75,75.36,74.59,75.04,64.19,38198600,,
27/06/2022,75.1,75.1,74.58,74.58,63.79,25658200,,
28/06/2022,74.69,74.79,73.75,73.76,63.09,39303800,,
29/06/2022,73.72,73.79,73.43,73.65,63,36806800,,
30/06/2022,73.33,73.83,73.06,73.61,62.96,45139900,,
01/07/2022,73.5,74.23,73.45,73.98,63.56,38849300,,
05/07/2022,73.51,73.98,73.03,73.91,63.5,38316200,,
06/07/2022,73.79,74,73.52,73.63,63.26,44706000,,
07/07/2022,74.09,74.88,74.03,74.83,64.29,44430400,,
08/07/2022,74.56,74.96,74.36,74.89,64.34,31230300,,
11/07/2022,74.8,74.92,74.45,74.47,63.98,28213700,,
12/07/2022,74.56,74.9,74.5,74.77,64.24,24036500,,
13/07/2022,74,74.92,73.92,74.69,64.17,46874900,,
14/07/2022,74.08,74.63,73.61,74.55,64.05,53953100,,
15/07/2022,74.77,75.5,74.76,75.5,64.87,48360800,,
18/07/2022,75.69,75.72,74.69,74.77,64.24,33302800,,
19/07/2022,75.04,75.94,75.04,75.76,65.09,31028200,,
20/07/2022,76.06,76.62,75.88,76.09,65.38,82881900,,
21/07/2022,76.02,77.06,75.93,76.99,66.15,52282000,,
22/07/2022,77.11,77.54,76.65,76.89,66.06,51055800,,
25/07/2022,76.95,77.09,76.65,76.87,66.05,26032000,,
26/07/2022,76.62,76.71,76.28,76.33,65.58,24151200,,
27/07/2022,76.67,77.47,76.67,77.17,66.3,35075700,,
28/07/2022,77.54,78.02,77.23,77.96,66.98,42335900,,
29/07/2022,77.96,78.35,77.75,78.19,67.18,33606800,,
01/08/2022,77.64,78.08,77.51,77.91,67.2,31595600,,
02/08/2022,77.77,77.86,77.5,77.55,66.89,40604400,,
03/08/2022,77.78,78.25,77.57,78.23,67.48,35660900,,
04/08/2022,78.34,78.45,78.11,78.44,67.66,24386400,,
05/08/2022,77.5,78.11,77.39,78.04,67.31,31006700,,
08/08/2022,78.34,78.65,78.05,78.11,67.37,19465600,,
09/08/2022,77.93,77.96,77.5,77.53,66.87,24675700,,
10/08/2022,78.52,78.77,78.39,78.69,67.87,38121800,,
11/08/2022,79.2,79.32,78.13,78.24,67.49,37778700,,
12/08/2022,78.52,78.97,78.29,78.94,68.09,16912300,,
15/08/2022,78.82,79,78.65,78.8,67.97,18441100,,
16/08/2022,78.73,78.73,78.26,78.43,67.65,22963200,,
17/08/2022,77.88,78.04,77.59,77.62,66.95,28774600,,
18/08/2022,77.81,77.88,77.66,77.74,67.05,19089300,,
19/08/2022,77.33,77.37,76.78,76.95,66.37,45428900,,
22/08/2022,76.36,76.4,76.01,76.08,65.62,42014200,,
23/08/2022,76.1,76.4,75.83,76.27,65.79,33240000,,
24/08/2022,76.24,76.5,76.16,76.36,65.86,16917400,,
25/08/2022,76.58,77.14,76.45,77.08,66.48,20080000,,
26/08/2022,77.12,77.12,75.74,75.81,65.39,34460600,,
29/08/2022,75.35,75.77,75.26,75.52,65.14,28020200,,
30/08/2022,75.6,75.66,74.7,74.94,64.64,66233900,,
31/08/2022,74.97,75.12,74.51,74.53,64.29,39161800,,
01/09/2022,73.95,74.41,73.61,74.36,64.46,38499700,,
02/09/2022,75,75.07,74.23,74.31,64.41,22364500,,
06/09/2022,74.31,74.39,73.85,74.11,64.24,28820900,,
07/09/2022,74.21,75.19,74.19,75.18,65.17,26853200,,
08/09/2022,74.9,75.55,74.78,75.51,65.45,26928000,,
09/09/2022,75.88,76.17,75.63,75.81,65.71,29526800,,
12/09/2022,76.08,76.23,75.77,76.04,65.91,30276100,,
13/09/2022,74.98,75.17,74.28,74.31,64.41,47111300,,
14/09/2022,74.36,74.91,74.31,74.42,64.51,29672400,,
15/09/2022,74.29,74.44,73.91,73.95,64.1,46282300,,
16/09/2022,73.5,74.2,73.37,74.2,64.32,56479900,,
19/09/2022,73.91,74.49,73.84,74.48,64.56,26891900,,
20/09/2022,74.02,74.07,73.67,73.72,63.9,32769500,,
21/09/2022,73.9,74.24,73.16,73.5,63.71,37851300,,
22/09/2022,73.25,73.39,72.8,73.06,63.33,48278100,,
23/09/2022,72.56,72.73,71.88,72.13,62.52,53312000,,
26/09/2022,71.92,72.18,71.26,71.28,61.79,42287400,,
27/09/2022,71.89,71.92,70.9,71.13,61.66,45295500,,
28/09/2022,71.67,72.49,71.44,72.4,62.76,48935800,,
29/09/2022,71.93,71.97,71.32,71.72,62.17,38068800,,
30/09/2022,71.73,72.28,71.38,71.39,61.88,42928700,,
03/10/2022,71.6,72.13,71.46,71.97,62.69,48967900,,
04/10/2022,72.9,73.53,72.77,73.52,64.04,45901300,,
05/10/2022,72.92,73.4,72.61,73.23,63.79,47833500,,
06/10/2022,73.15,73.46,72.9,73.01,63.6,37196000,,
07/10/2022,72.57,72.77,72.1,72.12,62.82,33983000,,
10/10/2022,72.07,72.11,70.92,71.24,62.06,37759700,,
11/10/2022,71.38,72.02,71.29,71.46,62.25,46344600,,
12/10/2022,71.41,71.85,71.41,71.58,62.35,32784800,,
13/10/2022,70.47,71.91,70.4,71.74,62.49,48832500,,
14/10/2022,72.19,72.37,71.33,71.51,62.29,37152100,,
17/10/2022,72.15,72.6,72.14,72.39,63.06,33820000,,
18/10/2022,73.13,73.31,72.58,72.9,63.5,37648400,,
19/10/2022,72.4,72.64,71.98,72.2,62.89,33194000,,
20/10/2022,72.21,72.75,71.73,71.8,62.54,47281100,,
21/10/2022,71.59,72.58,71.56,72.49,63.14,60211200,,
24/10/2022,72.56,72.73,72.16,72.54,63.19,29551200,,
25/10/2022,72.72,73.25,72.7,73.24,63.8,37459200,,
26/10/2022,73.06,73.71,72.95,73.44,63.97,50552100,,
27/10/2022,73.62,74.14,73.36,73.98,64.44,49481500,,
28/10/2022,74.25,74.69,74.12,74.55,64.94,123446800,,
31/10/2022,74.17,74.18,73.42,73.43,63.96,60269700,,
01/11/2022,73.94,73.95,73.21,73.59,64.35,39586700,,
02/11/2022,73.56,74.29,72.88,72.92,63.76,50659500,,
03/11/2022,72.17,72.64,71.89,72.4,63.31,37507100,,
04/11/2022,72.87,73.21,72.4,72.9,63.74,39849100,,
07/11/2022,73.05,73.11,72.68,72.89,63.74,24913000,,
08/11/2022,72.95,73.07,72.59,72.82,63.67,39489200,,
09/11/2022,72.6,72.74,71.82,71.95,62.91,45728900,,
10/11/2022,73.98,74.27,73.46,74.19,64.87,67165700,,
11/11/2022,74.22,74.69,73.93,74.45,65.1,20934800,,
14/11/2022,74.25,74.29,73.87,73.9,64.62,37932800,,
15/11/2022,74.64,74.7,74.07,74.55,65.19,50673700,,
16/11/2022,74.49,74.57,74.31,74.39,65.05,31124900,,
17/11/2022,73.81,74.17,73.73,74.07,64.77,34338000,,
18/11/2022,74.46,74.46,74.02,74.23,64.91,31663800,,
21/11/2022,74.15,74.35,74.02,74.2,64.88,19070500,,
22/11/2022,74.34,74.79,74.26,74.74,65.35,24572500,,
23/11/2022,74.68,75.3,74.66,75.16,65.72,30316300,,
25/11/2022,75.15,75.18,74.9,75.01,65.59,9465900,,
28/11/2022,74.8,74.93,74.19,74.22,64.9,31668900,,
29/11/2022,74.22,74.6,74.08,74.54,65.18,27162300,,
30/11/2022,74.6,75.69,74.39,75.66,66.16,41702100,,
01/12/2022,75.57,75.66,75.18,75.62,66.4,42134200,,
02/12/2022,74.99,75.59,74.99,75.56,66.35,27535800,,
05/12/2022,75.28,75.3,74.69,74.84,65.72,29736500,,
06/12/2022,74.87,75,74.43,74.57,65.48,24976800,,
07/12/2022,74.55,75.07,74.55,74.98,65.84,24614200,,
08/12/2022,75.07,75.14,74.8,75.04,65.89,23839500,,
09/12/2022,74.82,75.32,74.82,75.04,65.89,20687300,,
12/12/2022,75.22,75.4,75.1,75.33,66.15,22415700,,
13/12/2022,76.61,76.7,75.69,76.11,66.83,45923300,,
14/12/2022,76.01,76.21,75.22,75.68,66.46,57177300,,
15/12/2022,74.91,75.11,74.63,75,66.21,41666500,,
16/12/2022,74.57,74.81,74.41,74.6,65.85,38197100,,
19/12/2022,74.31,74.46,74.06,74.22,65.52,24135100,,
20/12/2022,73.85,74.19,73.69,74.03,65.35,32917800,,
21/12/2022,74.4,74.8,74.34,74.66,65.91,23211500,,
22/12/2022,74.37,74.49,73.92,74.2,65.5,26893700,,
23/12/2022,74.08,74.45,73.95,74.39,65.67,13196500,,
27/12/2022,74.32,74.37,73.58,73.62,64.99,22108000,,
28/12/2022,73.74,73.83,72.59,72.63,64.11,41064800,,
29/12/2022,72.92,73.62,72.75,73.57,64.94,33378900,,
30/12/2022,73.32,73.67,73.28,73.63,65,15170300,,
03/01/2023,74.11,74.19,73.66,73.77,65.12,28787700,,
04/01/2023,74.26,74.66,73.99,74.62,65.87,37120100,,
05/01/2023,74.36,74.54,74.18,74.47,65.74,35142000,,
06/01/2023,74.87,75.78,74.7,75.53,66.67,60041200,,
09/01/2023,75.75,75.96,75.64,75.8,66.91,35806900,,
10/01/2023,75.76,75.87,75.53,75.71,66.83,35695500,,
11/01/2023,76,76.25,75.85,76.21,67.27,31826700,,
12/01/2023,76.4,76.7,76.05,76.64,67.65,29404900,,
13/01/2023,76.26,76.77,76.22,76.64,67.65,26301500,,
17/01/2023,76.52,76.55,76.29,76.38,67.42,30961200,,
18/01/2023,76.85,77.08,76.45,76.47,67.5,52989700,,
19/01/2023,76.21,76.33,75.95,76.02,67.11,50070900,,
20/01/2023,76,76.17,75.73,76.17,67.24,36625400,,
23/01/2023,76.1,76.37,75.97,76.16,67.23,26764800,,
24/01/2023,76.01,76.25,75.88,76.21,67.27,27774500,,
25/01/2023,75.96,76.28,75.88,76.2,67.26,25857700,,
26/01/2023,76.36,76.47,76.09,76.39,67.43,25512400,,
27/01/2023,76.27,76.37,76.05,76.16,67.23,35813400,,
30/01/2023,75.88,76.03,75.72,75.74,66.86,32002000,,
31/01/2023,75.94,76.36,75.92,76.33,67.38,41006600,,
01/02/2023,75.98,76.98,75.78,76.76,68.09,46900900,,
02/02/2023,77.32,77.34,77.07,77.2,68.48,56399900,,
03/02/2023,76.6,76.86,76.33,76.39,67.76,39682300,,
06/02/2023,76.06,76.1,75.79,75.9,67.32,40944200,,
07/02/2023,75.83,76.36,75.78,76.17,67.56,37101300,,
08/02/2023,76.06,76.16,75.69,75.85,67.28,34066600,,
09/02/2023,76.11,76.11,75.29,75.36,66.85,42581900,,
10/02/2023,75.03,75.25,74.69,74.78,66.33,65905000,,
13/02/2023,74.83,75.22,74.75,74.97,66.5,38741300,,
14/02/2023,74.83,75.19,74.51,74.99,66.52,54193600,,
15/02/2023,74.72,74.88,74.58,74.87,66.41,44897600,,
16/02/2023,74.54,74.59,74.23,74.27,65.88,89945400,,
17/02/2023,74.15,74.68,73.87,74.56,66.14,75910300,,
21/02/2023,73.85,74.03,73.11,73.41,65.12,98782400,,
22/02/2023,73.6,74.19,73.6,73.89,65.54,70093300,,
23/02/2023,74.23,74.73,74.13,74.62,66.19,47908100,,
24/02/2023,74,74.32,73.92,74.17,65.79,47576500,,
27/02/2023,74.52,74.77,74.38,74.67,66.23,40292000,,
28/02/2023,74.64,74.64,74.42,74.53,66.11,32999000,,
01/03/2023,74.08,74.1,73.69,73.87,65.92,45341400,,
02/03/2023,73.48,74.05,73.48,73.96,66,37886100,,
03/03/2023,74.29,74.81,74.17,74.72,66.68,50123300,,
06/03/2023,74.89,74.99,74.66,74.72,66.68,33430800,,
07/03/2023,74.73,74.77,74.18,74.19,66.21,40222100,,
08/03/2023,74.24,74.36,73.69,73.84,65.89,54303900,,
09/03/2023,73.91,74.22,73.35,73.43,65.53,52669500,,
10/03/2023,73.48,73.95,73.17,73.44,65.54,81516000,,
13/03/2023,73.19,73.98,72.83,73.04,65.18,78478100,,
14/03/2023,73.69,73.91,73.27,73.57,65.65,66395600,,
15/03/2023,72.81,73.4,72.61,73.33,65.44,81454700,,
16/03/2023,73.13,73.95,73.02,73.81,65.87,63386700,,
17/03/2023,73.44,73.78,73.24,73.37,65.48,55132200,,
20/03/2023,73.23,73.56,73.07,73.17,65.3,38540800,,
21/03/2023,73.65,74.08,73.5,73.97,66.01,38203400,,
22/03/2023,73.98,74.79,73.71,74.04,66.07,55263500,,
23/03/2023,74.03,74.37,73.52,73.75,65.81,54660900,,
24/03/2023,73.45,73.69,73.39,73.6,65.68,44225600,,
27/03/2023,73.75,73.86,73.42,73.42,65.52,30905100,,
28/03/2023,73.28,73.47,73.14,73.38,65.48,38277200,,
29/03/2023,73.65,74.31,73.65,74.3,66.31,44457300,,
30/03/2023,74.47,74.75,74.27,74.74,66.7,37130200,,
