Date,Price,Open,High,Low,Change %,,
01/02/2018,1.488,1.45,1.493,1.45,1.57%,,
01/03/2018,1.629,1.654,1.664,1.621,-1.81%,,
01/05/2018,1.854,1.874,1.874,1.851,2.60%,,
01/06/2018,1.91,1.915,1.938,1.905,-0.26%,,
01/08/2018,2.025,2.033,2.033,2.025,-0.39%,,
01/10/2018,2.206,2.201,2.214,2.201,0.32%,,
01/11/2018,2.325,2.33,2.333,2.322,-0.34%,,
15/01/2018,1.445,1.447,1.447,1.445,0.00%,,
16/01/2018,1.429,1.445,1.46,1.235,-1.08%,,
17/01/2018,1.445,1.445,1.447,1.442,1.12%,,
18/01/2018,1.44,1.44,1.473,1.435,-0.35%,,
19/01/2018,1.434,1.44,1.44,1.432,-0.42%,,
22/01/2018,1.424,1.429,1.437,1.424,-0.70%,,
23/01/2018,1.447,1.455,1.455,1.445,1.62%,,
24/01/2018,1.44,1.455,1.455,1.435,-0.48%,,
25/01/2018,1.427,1.435,1.463,1.424,-0.90%,,
26/01/2018,1.422,1.422,1.45,1.414,-0.35%,,
29/01/2018,1.409,1.422,1.468,1.409,-0.91%,,
30/01/2018,1.46,1.45,1.463,1.445,3.62%,,
31/01/2018,1.465,1.46,1.478,1.455,0.34%,,
02/01/2018,1.411,1.393,1.437,1.386,1.44%,,
02/02/2018,1.486,1.475,1.491,1.473,-0.13%,,
02/03/2018,1.644,1.628,1.649,1.623,0.92%,,
02/04/2018,1.723,1.723,1.728,1.723,0.47%,,
02/05/2018,1.823,1.874,1.874,1.823,-1.67%,,
02/07/2018,1.935,1.935,1.943,1.92,0.78%,,
02/08/2018,2.007,2.028,2.028,2,-0.89%,,
02/10/2018,2.223,2.346,2.346,2.217,0.77%,,
02/11/2018,2.327,2.319,2.355,2.319,0.09%,,
13/02/2018,1.608,1.619,1.685,1.593,2.29%,,
14/02/2018,1.588,1.608,1.616,1.573,-1.24%,,
15/02/2018,1.598,1.58,1.598,1.57,0.63%,,
16/02/2018,1.608,1.611,1.626,1.598,0.63%,,
19/02/2018,1.608,1.6,1.608,1.6,0.00%,,
20/02/2018,1.61,1.608,1.623,1.603,0.12%,,
21/02/2018,1.647,1.649,1.657,1.642,2.30%,,
22/02/2018,1.644,1.644,1.657,1.644,-0.18%,,
23/02/2018,1.644,1.644,1.646,1.639,0.00%,,
26/02/2018,1.646,1.644,1.656,1.639,0.12%,,
27/02/2018,1.675,1.675,1.68,1.675,1.76%,,
28/02/2018,1.659,1.67,1.677,1.66,-0.96%,,
03/01/2018,1.404,1.465,1.465,1.401,-0.50%,,
03/04/2018,1.754,1.782,1.782,1.752,1.80%,,
03/05/2018,1.831,1.828,1.841,1.821,0.44%,,
03/07/2018,1.979,1.977,1.982,1.974,2.27%,,
03/08/2018,2.007,2.007,2.012,2.004,0.00%,,
03/09/2018,2.102,2.102,2.102,2.102,-0.12%,,
03/10/2018,2.223,2.346,2.346,2.217,0.00%,,
03/12/2018,2.342,2.358,2.371,2.34,-0.89%,,
13/03/2018,1.726,1.711,1.729,1.701,2.62%,,
14/03/2018,1.754,1.731,1.762,1.721,1.62%,,
15/03/2018,1.772,1.762,1.774,1.751,1.03%,,
16/03/2018,1.779,1.772,1.782,1.761,0.40%,,
19/03/2018,1.769,1.782,1.802,1.766,-0.56%,,
20/03/2018,1.8,1.795,1.808,1.795,1.75%,,
21/03/2018,1.746,1.798,1.8,1.734,-3.00%,,
22/03/2018,1.723,1.749,1.823,1.711,-1.32%,,
23/03/2018,1.728,1.72,1.795,1.72,0.29%,,
26/03/2018,1.746,1.731,1.8,1.725,1.04%,,
27/03/2018,1.775,1.782,1.808,1.772,1.66%,,
28/03/2018,1.736,1.775,1.775,1.734,-2.20%,,
29/03/2018,1.715,1.728,1.754,1.713,-1.21%,,
04/01/2018,1.404,1.432,1.445,1.404,0.00%,,
04/04/2018,1.708,1.752,1.764,1.703,-2.62%,,
04/05/2018,1.836,1.823,1.841,1.823,0.27%,,
04/06/2018,1.91,1.915,1.925,1.905,0.00%,,
04/07/2018,1.972,1.972,1.972,1.972,-0.38%,,
04/09/2018,2.117,2.112,2.127,2.096,0.74%,,
04/10/2018,2.222,2.23,2.348,2.222,-0.04%,,
04/12/2018,2.423,2.397,2.428,2.389,3.46%,,
13/04/2018,1.759,1.751,1.761,1.746,0.74%,,
16/04/2018,1.754,1.756,1.774,1.748,-0.28%,,
17/04/2018,1.792,1.788,1.795,1.777,2.17%,,
18/04/2018,1.813,1.787,1.828,1.787,1.17%,,
19/04/2018,1.826,1.813,1.833,1.805,0.72%,,
20/04/2018,1.807,1.833,1.833,1.807,-1.04%,,
23/04/2018,1.825,1.812,1.825,1.81,1.00%,,
24/04/2018,1.867,1.874,1.88,1.864,2.30%,,
25/04/2018,1.854,1.874,1.874,1.851,-0.70%,,
26/04/2018,1.828,1.854,1.861,1.815,-1.40%,,
27/04/2018,1.813,1.818,1.83,1.81,-0.82%,,
30/04/2018,1.807,1.817,1.83,1.807,-0.33%,,
05/01/2018,1.404,1.404,1.432,1.404,0.00%,,
05/02/2018,1.493,1.488,1.501,1.475,0.47%,,
05/03/2018,1.667,1.644,1.669,1.644,1.40%,,
05/04/2018,1.713,1.711,1.718,1.703,0.29%,,
05/06/2018,1.948,1.956,1.956,1.946,1.99%,,
05/07/2018,1.956,1.977,1.984,1.954,-0.79%,,
05/09/2018,2.135,2.13,2.135,2.13,0.85%,,
05/10/2018,2.217,2.222,2.222,2.214,-0.23%,,
05/11/2018,2.322,2.332,2.332,2.319,-0.21%,,
05/12/2018,2.422,2.422,2.422,2.422,-0.02%,,
14/05/2018,1.899,1.887,1.899,1.887,-0.31%,,
15/05/2018,1.915,1.92,1.926,1.91,0.84%,,
16/05/2018,1.905,1.915,1.928,1.905,-0.52%,,
17/05/2018,1.907,1.908,1.92,1.905,0.10%,,
18/05/2018,1.899,1.905,1.917,1.897,-0.42%,,
21/05/2018,1.907,1.892,1.912,1.892,0.42%,,
22/05/2018,1.938,1.944,1.944,1.933,1.63%,,
23/05/2018,1.918,1.936,1.959,1.91,-1.03%,,
24/05/2018,1.905,1.923,1.928,1.897,-0.68%,,
25/05/2018,1.897,1.9,1.902,1.884,-0.42%,,
28/05/2018,1.899,1.897,1.899,1.897,0.13%,,
29/05/2018,1.886,1.899,1.904,1.884,-0.71%,,
30/05/2018,1.923,1.915,1.949,1.915,1.96%,,
31/05/2018,1.915,1.915,1.951,1.905,-0.42%,,
06/02/2018,1.524,1.516,1.534,1.514,2.08%,,
06/03/2018,1.682,1.69,1.693,1.675,0.90%,,
06/04/2018,1.72,1.71,1.738,1.71,0.41%,,
06/06/2018,1.941,1.956,1.961,1.941,-0.36%,,
06/07/2018,1.951,1.956,1.966,1.951,-0.26%,,
06/08/2018,2.014,2.007,2.02,2.007,0.35%,,
06/09/2018,2.13,2.14,2.145,2.128,-0.23%,,
06/11/2018,2.366,2.361,2.405,2.351,1.89%,,
06/12/2018,2.41,2.417,2.42,2.407,-0.52%,,
13/06/2018,1.936,1.938,1.943,1.925,0.16%,,
14/06/2018,1.928,1.936,1.943,1.92,-0.41%,,
15/06/2018,1.933,1.933,1.943,1.925,0.26%,,
18/06/2018,1.927,1.935,1.943,1.928,-0.31%,,
19/06/2018,1.943,1.946,1.946,1.936,0.83%,,
20/06/2018,1.933,1.946,1.946,1.928,-0.51%,,
21/06/2018,1.933,1.931,1.943,1.931,0.00%,,
22/06/2018,1.915,1.936,1.946,1.912,-0.93%,,
25/06/2018,1.899,1.925,1.93,1.894,-0.84%,,
26/06/2018,1.938,1.933,1.944,1.933,2.05%,,
27/06/2018,1.92,1.933,1.936,1.92,-0.93%,,
28/06/2018,1.92,1.928,1.938,1.918,0.00%,,
29/06/2018,1.92,1.935,1.943,1.917,0.00%,,
07/02/2018,1.547,1.516,1.565,1.516,1.51%,,
07/03/2018,1.685,1.69,1.69,1.68,0.18%,,
07/05/2018,1.835,1.83,1.843,1.83,-0.05%,,
07/06/2018,1.93,1.948,1.948,1.928,-0.57%,,
07/08/2018,2.056,2.056,2.061,2.048,2.09%,,
07/09/2018,2.137,2.14,2.143,2.13,0.33%,,
07/11/2018,2.361,2.376,2.405,2.356,-0.21%,,
07/12/2018,2.396,2.409,2.414,2.394,-0.58%,,
13/07/2018,1.971,1.976,1.981,1.966,-0.15%,,
16/07/2018,1.981,1.976,1.994,1.966,0.51%,,
17/07/2018,2.018,2.023,2.025,2.013,1.87%,,
18/07/2018,2.002,2.023,2.048,2.002,-0.79%,,
19/07/2018,1.994,1.997,2.017,1.987,-0.40%,,
20/07/2018,1.979,1.992,2.002,1.976,-0.75%,,
23/07/2018,1.966,1.986,2.025,1.963,-0.66%,,
24/07/2018,2.007,2.007,2.013,2.005,2.09%,,
25/07/2018,2,2.007,2.013,1.997,-0.35%,,
26/07/2018,1.989,2.007,2.035,1.989,-0.55%,,
27/07/2018,1.992,1.992,1.992,1.989,0.15%,,
30/07/2018,1.991,1.992,2.004,1.986,-0.05%,,
31/07/2018,2.033,2.038,2.043,2.028,2.11%,,
08/01/2018,1.414,1.404,1.447,1.404,0.71%,,
08/02/2018,1.552,1.527,1.57,1.524,0.32%,,
08/03/2018,1.675,1.685,1.69,1.659,-0.59%,,
08/05/2018,1.874,1.867,1.887,1.867,2.13%,,
08/06/2018,1.925,1.93,1.94,1.917,-0.26%,,
08/08/2018,2.056,2.048,2.061,2.048,0.00%,,
08/10/2018,2.217,2.217,2.217,2.217,0.00%,,
08/11/2018,2.358,2.366,2.366,2.353,-0.13%,,
13/08/2018,2.043,2.053,2.06,2.043,-0.10%,,
14/08/2018,2.082,2.069,2.082,2.069,1.91%,,
15/08/2018,2.069,2.069,2.084,2.069,-0.62%,,
16/08/2018,2.064,2.074,2.079,2.053,-0.24%,,
17/08/2018,2.043,2.058,2.063,2.04,-1.02%,,
20/08/2018,2.04,2.058,2.058,2.04,-0.15%,,
21/08/2018,2.079,2.077,2.079,2.074,1.91%,,
22/08/2018,2.084,2.079,2.084,2.079,0.24%,,
23/08/2018,2.079,2.079,2.107,2.074,-0.24%,,
24/08/2018,2.094,2.079,2.102,2.079,0.72%,,
27/08/2018,2.109,2.096,2.109,2.096,0.72%,,
28/08/2018,2.128,2.125,2.128,2.12,0.90%,,
29/08/2018,2.125,2.125,2.13,2.125,-0.14%,,
30/08/2018,2.105,2.128,2.128,2.102,-0.94%,,
31/08/2018,2.104,2.099,2.119,2.097,-0.05%,,
09/01/2018,1.45,1.447,1.45,1.445,2.55%,,
09/02/2018,1.562,1.552,1.562,1.549,0.64%,,
09/03/2018,1.675,1.664,1.68,1.664,0.00%,,
09/04/2018,1.715,1.72,1.723,1.715,-0.29%,,
09/05/2018,1.885,1.874,1.89,1.874,0.59%,,
09/07/2018,1.961,1.956,1.966,1.951,0.51%,,
09/08/2018,2.051,2.053,2.074,2.048,-0.24%,,
09/10/2018,2.237,2.222,2.247,2.222,0.92%,,
09/11/2018,2.355,2.35,2.355,2.35,-0.13%,,
13/09/2018,2.143,2.156,2.156,2.14,-0.37%,,
14/09/2018,2.153,2.155,2.155,2.14,0.47%,,
17/09/2018,2.158,2.15,2.16,2.145,0.23%,,
18/09/2018,2.174,2.171,2.184,2.166,0.74%,,
19/09/2018,2.166,2.179,2.187,2.166,-0.37%,,
20/09/2018,2.169,2.181,2.181,2.166,0.14%,,
21/09/2018,2.173,2.171,2.186,2.171,0.18%,,
24/09/2018,2.173,2.181,2.186,2.173,0.00%,,
25/09/2018,2.215,2.218,2.223,2.212,1.93%,,
26/09/2018,2.212,2.217,2.217,2.197,-0.14%,,
27/09/2018,2.192,2.202,2.204,2.184,-0.90%,,
28/09/2018,2.199,2.196,2.207,2.184,0.32%,,
10/01/2018,1.424,1.45,1.458,1.424,-1.79%,,
10/04/2018,1.736,1.741,1.752,1.734,1.22%,,
10/05/2018,1.89,1.877,1.92,1.877,0.27%,,
10/07/2018,1.977,1.987,1.99,1.977,0.82%,,
10/08/2018,2.045,2.053,2.084,2.043,-0.29%,,
10/09/2018,2.132,2.14,2.142,2.132,-0.23%,,
10/10/2018,2.274,2.263,2.305,2.263,1.65%,,
10/12/2018,2.386,2.396,2.396,2.376,-0.42%,,
15/10/2018,2.283,2.265,2.286,2.265,0.53%,,
16/10/2018,2.31,2.305,2.318,2.305,1.18%,,
17/10/2018,2.31,2.31,2.32,2.31,0.00%,,
18/10/2018,2.31,2.315,2.315,2.309,0.00%,,
19/10/2018,2.309,2.314,2.314,2.306,-0.04%,,
22/10/2018,2.312,2.314,2.314,2.309,0.13%,,
23/10/2018,2.34,2.341,2.346,2.336,1.21%,,
24/10/2018,2.34,2.341,2.366,2.33,0.00%,,
25/10/2018,2.335,2.33,2.34,2.33,-0.21%,,
26/10/2018,2.327,2.33,2.33,2.325,-0.34%,,
29/10/2018,2.314,2.329,2.337,2.312,-0.56%,,
30/10/2018,2.338,2.33,2.351,2.33,1.04%,,
31/10/2018,2.333,2.341,2.346,2.33,-0.21%,,
11/01/2018,1.437,1.424,1.44,1.424,0.91%,,
11/04/2018,1.734,1.731,1.736,1.726,-0.12%,,
11/05/2018,1.905,1.91,1.915,1.884,0.79%,,
11/06/2018,1.912,1.93,1.94,1.905,-0.68%,,
11/07/2018,1.961,1.984,1.987,1.956,-0.81%,,
11/09/2018,2.153,2.151,2.156,2.151,0.98%,,
11/10/2018,2.266,2.269,2.274,2.263,-0.35%,,
11/12/2018,2.428,2.438,2.438,2.425,1.76%,,
13/11/2018,2.35,2.35,2.355,2.345,-0.22%,,
14/11/2018,2.376,2.382,2.402,2.374,1.11%,,
15/11/2018,2.366,2.381,2.399,2.366,-0.42%,,
16/11/2018,2.355,2.376,2.378,2.348,-0.46%,,
19/11/2018,2.355,2.352,2.365,2.352,0.00%,,
20/11/2018,2.392,2.387,2.395,2.376,1.57%,,
21/11/2018,2.407,2.397,2.409,2.386,0.63%,,
22/11/2018,2.402,2.402,2.402,2.402,-0.22%,,
23/11/2018,2.404,2.404,2.407,2.404,0.09%,,
26/11/2018,2.399,2.404,2.414,2.399,-0.21%,,
27/11/2018,2.405,2.405,2.425,2.402,0.25%,,
28/11/2018,2.387,2.405,2.407,2.382,-0.75%,,
29/11/2018,2.366,2.392,2.392,2.358,-0.88%,,
30/11/2018,2.363,2.371,2.373,2.353,-0.13%,,
12/01/2018,1.445,1.437,1.462,1.429,0.56%,,
12/02/2018,1.572,1.562,1.595,1.562,0.64%,,
12/03/2018,1.682,1.674,1.687,1.672,0.42%,,
12/04/2018,1.746,1.721,1.749,1.721,0.69%,,
12/06/2018,1.933,1.946,1.951,1.933,1.10%,,
12/07/2018,1.974,1.971,1.977,1.951,0.66%,,
12/09/2018,2.151,2.151,2.151,2.151,-0.09%,,
12/10/2018,2.271,2.266,2.273,2.266,0.22%,,
12/11/2018,2.355,2.355,2.355,2.355,0.00%,,
12/12/2018,2.428,2.438,2.446,2.428,0.00%,,
13/12/2018,2.42,2.428,2.433,2.415,-0.33%,,
14/12/2018,2.424,2.427,2.427,2.409,0.17%,,
17/12/2018,2.394,2.427,2.427,2.388,-1.24%,,
18/12/2018,2.384,2.4,2.43,2.382,-0.42%,,
19/12/2018,2.394,2.384,2.407,2.382,0.42%,,
20/12/2018,2.392,2.438,2.438,2.386,-0.08%,,
21/12/2018,2.386,2.386,2.407,2.373,-0.25%,,
24/12/2018,2.388,2.391,2.398,2.386,0.08%,,
25/12/2018,2.443,2.443,2.443,2.443,2.31%,,
26/12/2018,2.435,2.443,2.453,2.428,-0.34%,,
27/12/2018,2.41,2.446,2.453,2.407,-1.03%,,
28/12/2018,2.383,2.412,2.417,2.378,-1.12%,,
31/12/2018,2.381,2.388,2.48,2.373,-0.08%,,
01/01/2019,2.466,2.466,2.466,2.466,3.58%,,
01/02/2019,2.396,2.401,2.404,2.396,-0.04%,,
01/03/2019,2.435,2.44,2.445,2.435,-0.20%,,
01/04/2019,2.392,2.417,2.417,2.383,-0.33%,,
01/05/2019,2.427,2.441,2.471,2.402,-0.21%,,
01/07/2019,2.125,2.107,2.13,2.097,1.19%,,
01/08/2019,2.085,2.072,2.103,2.067,0.00%,,
01/10/2019,1.826,1.874,1.874,1.821,0.05%,,
01/11/2019,1.533,1.56,1.56,1.521,-0.84%,,
14/01/2019,2.417,2.427,2.427,2.414,-0.29%,,
15/01/2019,2.451,2.451,2.456,2.448,1.41%,,
16/01/2019,2.42,2.451,2.464,2.412,-1.26%,,
17/01/2019,2.41,2.42,2.435,2.404,-0.41%,,
18/01/2019,2.404,2.411,2.411,2.401,-0.25%,,
21/01/2019,2.406,2.406,2.406,2.406,0.10%,,
22/01/2019,2.401,2.406,2.411,2.398,-0.22%,,
23/01/2019,2.41,2.441,2.446,2.405,0.37%,,
24/01/2019,2.369,2.44,2.445,2.363,-1.70%,,
25/01/2019,2.383,2.371,2.389,2.368,0.59%,,
28/01/2019,2.388,2.383,2.394,2.383,0.21%,,
29/01/2019,2.423,2.425,2.43,2.42,1.47%,,
30/01/2019,2.417,2.422,2.43,2.417,-0.25%,,
31/01/2019,2.397,2.425,2.433,2.397,-0.83%,,
02/01/2019,2.417,2.469,2.469,2.415,-2.00%,,
02/04/2019,2.434,2.413,2.436,2.413,1.76%,,
02/05/2019,2.437,2.42,2.51,2.417,0.41%,,
02/07/2019,2.205,2.185,2.229,2.185,3.76%,,
02/08/2019,2.064,2.084,2.095,2.059,-1.01%,,
02/09/2019,1.989,1.989,1.989,1.989,0.12%,,
02/10/2019,1.808,1.839,1.839,1.803,-0.99%,,
02/12/2019,1.579,1.59,1.628,1.57,-0.50%,,
13/02/2019,2.43,2.438,2.448,2.428,-0.21%,,
14/02/2019,2.43,2.443,2.443,2.425,0.00%,,
15/02/2019,2.427,2.442,2.442,2.424,-0.12%,,
18/02/2019,2.429,2.429,2.429,2.429,0.10%,,
19/02/2019,2.429,2.429,2.442,2.422,0.00%,,
20/02/2019,2.446,2.428,2.456,2.428,0.70%,,
21/02/2019,2.448,2.456,2.461,2.433,0.08%,,
22/02/2019,2.45,2.45,2.453,2.445,0.08%,,
25/02/2019,2.45,2.45,2.455,2.445,0.00%,,
26/02/2019,2.458,2.443,2.464,2.443,0.33%,,
27/02/2019,2.451,2.459,2.461,2.443,-0.28%,,
28/02/2019,2.44,2.445,2.448,2.438,-0.45%,,
03/01/2019,2.412,2.422,2.471,2.407,-0.21%,,
03/04/2019,2.437,2.428,2.433,2.428,0.12%,,
03/05/2019,2.431,2.432,2.432,2.422,-0.25%,,
03/06/2019,2.341,2.347,2.373,2.329,-0.55%,,
03/07/2019,2.208,2.205,2.211,2.187,0.14%,,
03/09/2019,1.964,1.987,2.03,1.958,-1.27%,,
03/10/2019,1.718,1.826,1.826,1.693,-4.98%,,
03/12/2019,1.579,1.577,1.597,1.577,0.00%,,
13/03/2019,2.452,2.451,2.458,2.446,-0.33%,,
14/03/2019,2.452,2.448,2.448,2.443,0.00%,,
15/03/2019,2.452,2.447,2.447,2.442,0.00%,,
18/03/2019,2.446,2.442,2.447,2.44,-0.24%,,
19/03/2019,2.47,2.466,2.466,2.456,0.98%,,
20/03/2019,2.473,2.466,2.474,2.456,0.12%,,
21/03/2019,2.473,2.492,2.492,2.461,0.00%,,
22/03/2019,2.462,2.466,2.466,2.453,-0.44%,,
25/03/2019,2.454,2.453,2.46,2.447,-0.32%,,
26/03/2019,2.47,2.459,2.464,2.459,0.65%,,
27/03/2019,2.442,2.458,2.461,2.428,-1.13%,,
28/03/2019,2.437,2.44,2.44,2.428,-0.20%,,
29/03/2019,2.4,2.432,2.432,2.391,-1.52%,,
04/01/2019,2.414,2.437,2.437,2.409,0.08%,,
04/02/2019,2.391,2.396,2.396,2.381,-0.21%,,
04/03/2019,2.432,2.44,2.442,2.432,-0.12%,,
04/04/2019,2.434,2.428,2.435,2.428,-0.12%,,
04/06/2019,2.357,2.339,2.362,2.339,0.68%,,
04/07/2019,2.208,2.211,2.211,2.208,0.00%,,
04/09/2019,1.967,1.974,1.984,1.961,0.15%,,
04/10/2019,1.71,1.713,1.736,1.697,-0.47%,,
04/11/2019,1.548,1.593,1.593,1.521,0.98%,,
04/12/2019,1.559,1.582,1.756,1.556,-1.27%,,
15/04/2019,2.423,2.427,2.432,2.411,-0.74%,,
16/04/2019,2.442,2.433,2.435,2.428,0.78%,,
17/04/2019,2.439,2.433,2.461,2.43,-0.12%,,
18/04/2019,2.429,2.437,2.44,2.422,-0.41%,,
22/04/2019,2.441,2.427,2.437,2.427,0.49%,,
23/04/2019,2.45,2.474,2.556,2.441,0.37%,,
24/04/2019,2.434,2.438,2.474,2.422,-0.65%,,
25/04/2019,2.429,2.43,2.43,2.417,-0.21%,,
26/04/2019,2.423,2.422,2.422,2.414,-0.25%,,
29/04/2019,2.423,2.419,2.422,2.417,0.00%,,
30/04/2019,2.432,2.438,2.441,2.425,0.37%,,
05/02/2019,2.417,2.428,2.433,2.418,1.09%,,
05/03/2019,2.465,2.464,2.466,2.456,1.36%,,
05/04/2019,2.434,2.433,2.433,2.427,0.00%,,
05/06/2019,2.342,2.355,2.357,2.337,-0.64%,,
05/07/2019,2.218,2.207,2.233,2.2,0.46%,,
05/08/2019,2.015,2.064,2.064,2.01,-2.37%,,
05/09/2019,1.972,1.959,2,1.959,0.25%,,
05/11/2019,1.559,1.551,1.559,1.551,0.71%,,
05/12/2019,1.546,1.595,1.595,1.543,-0.83%,,
13/05/2019,2.413,2.422,2.447,2.406,-0.66%,,
14/05/2019,2.416,2.395,2.415,2.395,0.12%,,
15/05/2019,2.409,2.399,2.417,2.399,-0.29%,,
16/05/2019,2.401,2.404,2.422,2.394,-0.33%,,
17/05/2019,2.393,2.396,2.396,2.383,-0.33%,,
20/05/2019,2.382,2.381,2.409,2.376,-0.46%,,
21/05/2019,2.393,2.387,2.396,2.382,0.46%,,
22/05/2019,2.378,2.387,2.399,2.371,-0.63%,,
23/05/2019,2.365,2.374,2.399,2.356,-0.55%,,
24/05/2019,2.354,2.358,2.383,2.342,-0.47%,,
27/05/2019,2.352,2.352,2.352,2.352,-0.06%,,
28/05/2019,2.356,2.352,2.378,2.345,0.15%,,
29/05/2019,2.36,2.345,2.379,2.345,0.17%,,
30/05/2019,2.372,2.345,2.374,2.345,0.51%,,
31/05/2019,2.354,2.368,2.389,2.345,-0.76%,,
06/02/2019,2.417,2.428,2.433,2.412,0.00%,,
06/03/2019,2.465,2.456,2.461,2.453,0.00%,,
06/05/2019,2.426,2.422,2.422,2.417,-0.21%,,
06/06/2019,2.313,2.349,2.36,2.308,-1.24%,,
06/08/2019,2.049,2.036,2.051,2.018,1.69%,,
06/09/2019,1.964,1.966,2.007,1.956,-0.41%,,
06/11/2019,1.556,1.556,1.556,1.556,-0.19%,,
06/12/2019,1.523,1.584,1.584,1.52,-1.49%,,
13/06/2019,2.198,2.22,2.24,2.181,-1.04%,,
14/06/2019,2.182,2.184,2.199,2.173,-0.73%,,
17/06/2019,2.195,2.183,2.197,2.176,0.60%,,
18/06/2019,2.226,2.229,2.229,2.218,1.41%,,
19/06/2019,2.182,2.213,2.231,2.17,-1.98%,,
20/06/2019,2.136,2.177,2.185,2.126,-2.11%,,
21/06/2019,2.11,2.131,2.136,2.11,-1.22%,,
24/06/2019,2.112,2.115,2.123,2.11,0.09%,,
25/06/2019,2.139,2.128,2.141,2.126,1.28%,,
26/06/2019,2.149,2.139,2.157,2.136,0.47%,,
27/06/2019,2.144,2.151,2.154,2.141,-0.23%,,
28/06/2019,2.1,2.141,2.143,2.1,-2.05%,,
07/01/2019,2.409,2.424,2.427,2.409,-0.21%,,
07/02/2019,2.412,2.425,2.425,2.404,-0.21%,,
07/03/2019,2.46,2.458,2.463,2.453,-0.20%,,
07/05/2019,2.432,2.43,2.433,2.425,0.25%,,
07/06/2019,2.274,2.313,2.331,2.261,-1.69%,,
07/08/2019,2.021,2.051,2.051,2.01,-1.37%,,
07/10/2019,1.723,1.705,1.771,1.7,0.76%,,
07/11/2019,1.559,1.572,1.572,1.543,0.19%,,
15/07/2019,2.143,2.148,2.148,2.135,-0.37%,,
16/07/2019,2.159,2.157,2.18,2.157,0.75%,,
17/07/2019,2.128,2.151,2.157,2.123,-1.44%,,
18/07/2019,2.069,2.123,2.146,2.031,-2.77%,,
19/07/2019,2.066,2.062,2.077,2.033,-0.14%,,
22/07/2019,2.082,2.084,2.092,2.064,0.77%,,
23/07/2019,2.092,2.087,2.105,2.08,0.48%,,
24/07/2019,2.095,2.087,2.11,2.085,0.14%,,
25/07/2019,2.11,2.103,2.121,2.09,0.72%,,
26/07/2019,2.118,2.107,2.123,2.102,0.38%,,
29/07/2019,2.105,2.12,2.128,2.105,-0.61%,,
30/07/2019,2.095,2.108,2.121,2.093,-0.48%,,
31/07/2019,2.085,2.1,2.1,2.021,-0.48%,,
08/01/2019,2.458,2.456,2.471,2.446,2.03%,,
08/02/2019,2.422,2.424,2.424,2.409,0.41%,,
08/03/2019,2.454,2.453,2.471,2.447,-0.24%,,
08/04/2019,2.429,2.427,2.427,2.422,-0.21%,,
08/05/2019,2.434,2.425,2.438,2.422,0.08%,,
08/07/2019,2.241,2.223,2.241,2.218,1.04%,,
08/08/2019,2.023,2.025,2.033,2.012,0.10%,,
08/10/2019,1.7,1.731,1.751,1.695,-1.33%,,
08/11/2019,1.554,1.572,1.589,1.548,-0.32%,,
13/08/2019,2.008,1.992,2.026,1.992,1.21%,,
14/08/2019,1.959,2.013,2.039,1.946,-2.44%,,
15/08/2019,1.902,2.003,2.003,1.89,-2.91%,,
16/08/2019,1.871,1.905,1.93,1.869,-1.63%,,
19/08/2019,1.907,1.871,1.915,1.871,1.92%,,
20/08/2019,1.951,1.941,1.951,1.933,2.31%,,
21/08/2019,1.974,1.964,1.98,1.946,1.18%,,
22/08/2019,1.992,2.02,2.02,1.977,0.91%,,
23/08/2019,1.964,2.033,2.033,1.953,-1.41%,,
26/08/2019,1.987,1.971,1.997,1.969,1.17%,,
27/08/2019,1.995,1.995,2.005,1.992,0.40%,,
28/08/2019,1.992,1.995,2.018,1.992,-0.15%,,
29/08/2019,1.992,1.992,1.995,1.987,0.00%,,
30/08/2019,1.987,1.995,1.989,1.984,-0.25%,,
09/01/2019,2.443,2.459,2.474,2.441,-0.61%,,
09/04/2019,2.429,2.415,2.435,2.415,0.00%,,
09/05/2019,2.434,2.428,2.428,2.422,0.00%,,
09/07/2019,2.254,2.225,2.264,2.225,0.58%,,
09/08/2019,2.002,2.012,2.012,1.992,-1.04%,,
09/09/2019,1.964,1.999,1.999,1.956,0.00%,,
09/10/2019,1.705,1.71,1.715,1.695,0.29%,,
09/12/2019,1.556,1.566,1.566,1.523,2.17%,,
13/09/2019,1.961,1.982,2.017,1.941,0.26%,,
16/09/2019,1.999,2.002,2.01,1.958,1.94%,,
17/09/2019,2,1.987,2.031,1.985,0.05%,,
18/09/2019,1.941,2.015,2.015,1.926,-2.95%,,
19/09/2019,1.938,2.044,2.056,1.918,-0.15%,,
20/09/2019,1.91,2.056,2.056,1.905,-1.44%,,
23/09/2019,1.905,1.91,1.92,1.902,-0.26%,,
24/09/2019,1.931,1.946,1.951,1.931,1.36%,,
25/09/2019,1.895,1.941,1.941,1.89,-1.86%,,
26/09/2019,1.828,1.9,1.905,1.825,-3.54%,,
27/09/2019,1.797,1.833,1.835,1.792,-1.70%,,
30/09/2019,1.825,1.787,1.853,1.787,1.56%,,
10/01/2019,2.433,2.445,2.448,2.43,-0.41%,,
10/04/2019,2.427,2.43,2.435,2.417,-0.08%,,
10/05/2019,2.429,2.425,2.427,2.422,-0.21%,,
10/06/2019,2.279,2.279,2.3,2.279,0.22%,,
10/07/2019,2.19,2.256,2.279,2.179,-2.84%,,
10/09/2019,1.962,1.964,1.964,1.959,-0.10%,,
10/10/2019,1.687,1.761,1.761,1.669,-1.06%,,
10/12/2019,1.567,1.567,1.569,1.559,0.71%,,
14/10/2019,1.687,1.687,1.687,1.687,0.28%,,
15/10/2019,1.671,1.684,1.722,1.664,-0.93%,,
16/10/2019,1.669,1.679,1.695,1.664,-0.12%,,
17/10/2019,1.669,1.664,1.736,1.659,0.00%,,
18/10/2019,1.671,1.743,1.743,1.656,0.12%,,
21/10/2019,1.669,1.74,1.74,1.664,-0.12%,,
22/10/2019,1.659,1.649,1.674,1.649,-0.60%,,
23/10/2019,1.659,1.674,1.674,1.656,0.00%,,
24/10/2019,1.674,1.731,1.731,1.656,0.90%,,
25/10/2019,1.674,1.741,1.741,1.666,0.00%,,
28/10/2019,1.648,1.684,1.684,1.643,-1.55%,,
29/10/2019,1.644,1.639,1.644,1.639,-0.24%,,
30/10/2019,1.644,1.639,1.644,1.639,0.00%,,
31/10/2019,1.546,1.603,1.613,1.542,-5.96%,,
11/01/2019,2.424,2.43,2.432,2.422,-0.37%,,
11/02/2019,2.432,2.427,2.44,2.419,0.41%,,
11/03/2019,2.444,2.453,2.453,2.437,-0.41%,,
11/04/2019,2.429,2.42,2.438,2.417,0.08%,,
11/06/2019,2.272,2.279,2.287,2.264,-0.31%,,
11/07/2019,2.157,2.176,2.189,2.148,-1.51%,,
11/09/2019,1.962,1.962,1.962,1.962,0.00%,,
11/10/2019,1.682,1.756,1.756,1.653,-0.30%,,
11/11/2019,1.556,1.556,1.556,1.556,0.14%,,
11/12/2019,1.572,1.572,1.572,1.572,0.32%,,
13/11/2019,1.572,1.587,1.587,1.572,-0.13%,,
14/11/2019,1.574,1.577,1.674,1.569,0.13%,,
15/11/2019,1.569,1.574,1.669,1.564,-0.32%,,
18/11/2019,1.574,1.615,1.615,1.559,0.32%,,
19/11/2019,1.567,1.577,1.577,1.567,-0.44%,,
20/11/2019,1.572,1.572,1.572,1.567,0.32%,,
21/11/2019,1.577,1.569,1.613,1.564,0.32%,,
22/11/2019,1.589,1.582,1.589,1.566,0.76%,,
25/11/2019,1.589,1.633,1.633,1.587,0.00%,,
26/11/2019,1.605,1.593,1.608,1.593,1.01%,,
27/11/2019,1.608,1.608,1.624,1.601,0.19%,,
28/11/2019,1.608,1.608,1.608,1.608,0.00%,,
29/11/2019,1.587,1.644,1.644,1.582,-1.32%,,
12/02/2019,2.435,2.454,2.454,2.435,0.12%,,
12/03/2019,2.46,2.433,2.454,2.433,0.65%,,
12/04/2019,2.441,2.422,2.435,2.419,0.49%,,
12/06/2019,2.221,2.282,2.284,2.212,-2.24%,,
12/07/2019,2.151,2.155,2.155,2.135,-0.28%,,
12/08/2019,1.984,2.037,2.037,1.974,-0.90%,,
12/09/2019,1.956,1.985,1.985,1.946,-0.31%,,
12/11/2019,1.574,1.548,1.623,1.548,1.15%,,
12/12/2019,1.572,1.661,1.661,1.556,0.00%,,
13/12/2019,1.564,1.582,1.584,1.551,-0.51%,,
16/12/2019,1.566,1.561,1.661,1.561,0.13%,,
17/12/2019,1.572,1.572,1.587,1.572,0.38%,,
18/12/2019,1.559,1.574,1.574,1.556,-0.83%,,
19/12/2019,1.574,1.564,1.661,1.561,0.96%,,
20/12/2019,1.579,1.666,1.666,1.569,0.32%,,
23/12/2019,1.574,1.671,1.671,1.566,-0.32%,,
24/12/2019,1.579,1.592,1.597,1.577,0.32%,,
25/12/2019,1.582,1.585,1.585,1.582,0.19%,,
26/12/2019,1.577,1.574,1.592,1.574,-0.32%,,
27/12/2019,1.564,1.579,1.676,1.559,-0.82%,,
30/12/2019,1.541,1.564,1.658,1.541,-1.47%,,
31/12/2019,1.556,1.587,1.587,1.556,0.97%,,
01/01/2020,1.556,1.556,1.556,1.556,0.00%,,
01/04/2020,0.074,0.214,0.214,0.074,-43.94%,,
01/05/2020,0.109,0.127,0.127,0.104,2.83%,,
01/06/2020,0.139,0.158,0.165,0.139,-2.11%,,
01/07/2020,0.142,0.15,0.157,0.142,-3.40%,,
01/09/2020,0.106,0.122,0.122,0.106,0.00%,,
01/10/2020,0.091,0.107,0.122,0.091,-5.21%,,
01/12/2020,0.086,0.096,0.096,0.086,6.17%,,
13/01/2020,1.564,1.551,1.554,1.536,1.69%,,
14/01/2020,1.572,1.567,1.577,1.564,0.51%,,
15/01/2020,1.569,1.567,1.574,1.567,-0.19%,,
16/01/2020,1.559,1.569,1.613,1.551,-0.64%,,
17/01/2020,1.561,1.551,1.597,1.551,0.13%,,
20/01/2020,1.559,1.561,1.561,1.559,-0.15%,,
21/01/2020,1.556,1.607,1.607,1.541,-0.17%,,
22/01/2020,1.554,1.561,1.561,1.551,-0.13%,,
23/01/2020,1.556,1.549,1.572,1.546,0.13%,,
24/01/2020,1.531,1.554,1.577,1.531,-1.61%,,
27/01/2020,1.546,1.528,1.556,1.523,0.98%,,
28/01/2020,1.572,1.572,1.577,1.562,1.68%,,
29/01/2020,1.562,1.574,1.577,1.556,-0.64%,,
30/01/2020,1.569,1.569,1.572,1.551,0.45%,,
31/01/2020,1.554,1.579,1.579,1.551,-0.96%,,
02/01/2020,1.533,1.556,1.567,1.533,-1.50%,,
02/03/2020,1.169,1.277,1.351,1.144,-9.03%,,
02/04/2020,0.096,0.153,0.31,0.071,29.73%,,
02/06/2020,0.152,0.155,0.173,0.15,9.35%,,
02/07/2020,0.142,0.162,0.162,0.142,0.00%,,
02/09/2020,0.106,0.109,0.112,0.106,0.00%,,
02/10/2020,0.091,0.097,0.104,0.091,0.00%,,
02/11/2020,0.091,0.097,0.102,0.091,-3.19%,,
02/12/2020,0.081,0.089,0.089,0.081,-5.81%,,
13/02/2020,1.587,1.577,1.602,1.572,0.63%,,
14/02/2020,1.577,1.584,1.607,1.577,-0.63%,,
17/02/2020,1.577,1.579,1.579,1.577,0.00%,,
18/02/2020,1.577,1.574,1.597,1.574,0.00%,,
19/02/2020,1.579,1.577,1.595,1.577,0.13%,,
20/02/2020,1.579,1.587,1.602,1.574,0.00%,,
21/02/2020,1.559,1.577,1.597,1.554,-1.27%,,
24/02/2020,1.548,1.564,1.564,1.538,-0.71%,,
25/02/2020,1.531,1.551,1.556,1.531,-1.10%,,
26/02/2020,1.518,1.541,1.541,1.51,-0.85%,,
27/02/2020,1.454,1.521,1.526,1.418,-4.22%,,
28/02/2020,1.285,1.474,1.495,1.275,-11.62%,,
03/01/2020,1.52,1.536,1.556,1.508,-0.85%,,
03/02/2020,1.579,1.556,1.564,1.548,1.61%,,
03/03/2020,0.953,1.208,1.247,0.93,-18.48%,,
03/04/2020,0.106,0.326,0.326,0.084,10.42%,,
03/06/2020,0.155,0.165,0.165,0.152,1.97%,,
03/08/2020,0.089,0.091,0.109,0.086,-5.32%,,
03/09/2020,0.106,0.117,0.117,0.104,0.00%,,
03/11/2020,0.096,0.094,0.104,0.094,5.49%,,
03/12/2020,0.081,0.094,0.096,0.081,0.00%,,
13/03/2020,0.276,0.506,0.506,0.264,-15.60%,,
16/03/2020,0.223,0.183,0.412,0.125,-19.20%,,
17/03/2020,0.208,0.371,0.371,0.201,-6.73%,,
18/03/2020,0.02,0.203,0.229,0.013,-90.38%,,
19/03/2020,0.063,0.117,0.168,0.031,215.00%,,
20/03/2020,0.038,0.099,0.099,0.033,-39.68%,,
23/03/2020,0.03,0.178,0.178,0.002,-21.05%,,
24/03/2020,0.028,0.028,0.084,0.008,-6.67%,,
25/03/2020,-0.046,0.02,0.02,-0.056,-264.29%,,
26/03/2020,-0.035,-0.031,0.117,-0.058,-23.91%,,
27/03/2020,0.015,0.102,0.107,-0.043,-142.86%,,
30/03/2020,0.053,0.219,0.239,-0.02,253.33%,,
31/03/2020,0.132,0.239,0.239,0.076,149.06%,,
04/02/2020,1.574,1.577,1.587,1.574,-0.32%,,
04/03/2020,0.706,0.978,0.978,0.706,-25.92%,,
04/05/2020,0.104,0.135,0.135,0.104,-4.59%,,
04/06/2020,0.152,0.155,0.18,0.15,-1.94%,,
04/08/2020,0.099,0.099,0.117,0.097,11.24%,,
04/09/2020,0.112,0.109,0.117,0.102,5.66%,,
04/11/2020,0.094,0.096,0.099,0.094,-2.08%,,
04/12/2020,0.081,0.096,0.096,0.081,0.00%,,
13/04/2020,0.231,0.285,0.305,0.231,-2.12%,,
14/04/2020,0.208,0.257,0.305,0.193,-9.96%,,
15/04/2020,0.157,0.239,0.239,0.15,-24.52%,,
16/04/2020,0.147,0.15,0.186,0.145,-6.37%,,
17/04/2020,0.124,0.15,0.17,0.122,-15.65%,,
20/04/2020,0.101,0.163,0.163,0.101,-18.55%,,
21/04/2020,0.109,0.397,0.145,0.109,7.92%,,
22/04/2020,0.104,0.142,0.142,0.104,-4.59%,,
23/04/2020,0.109,0.132,0.135,0.107,4.81%,,
24/04/2020,0.122,0.107,0.132,0.107,11.93%,,
27/04/2020,0.114,0.132,0.142,0.114,-6.56%,,
28/04/2020,0.106,0.142,0.142,0.106,-7.02%,,
29/04/2020,0.101,0.122,0.122,0.101,-4.72%,,
30/04/2020,0.106,0.132,0.135,0.094,4.95%,,
05/02/2020,1.562,1.582,1.582,1.561,-0.76%,,
05/03/2020,0.625,0.723,0.761,0.619,-11.47%,,
05/05/2020,0.122,0.114,0.127,0.114,17.31%,,
05/06/2020,0.157,0.167,0.167,0.152,3.29%,,
05/08/2020,0.101,0.102,0.102,0.097,2.02%,,
05/10/2020,0.096,0.094,0.104,0.091,5.49%,,
05/11/2020,0.091,0.114,0.114,0.089,-3.19%,,
13/05/2020,0.122,0.142,0.142,0.122,-8.96%,,
14/05/2020,0.122,0.147,0.147,0.117,0.00%,,
15/05/2020,0.124,0.142,0.142,0.119,1.64%,,
18/05/2020,0.122,0.14,0.14,0.117,-1.61%,,
19/05/2020,0.129,0.153,0.153,0.127,5.74%,,
20/05/2020,0.124,0.147,0.147,0.122,-3.88%,,
21/05/2020,0.122,0.15,0.15,0.122,-1.61%,,
22/05/2020,0.122,0.147,0.147,0.122,0.00%,,
25/05/2020,0.122,0.122,0.122,0.122,0.00%,,
26/05/2020,0.129,0.147,0.147,0.122,5.74%,,
27/05/2020,0.142,0.137,0.15,0.132,10.08%,,
28/05/2020,0.15,0.145,0.168,0.142,5.63%,,
29/05/2020,0.142,0.147,0.17,0.142,-5.33%,,
06/01/2020,1.538,1.52,1.561,1.518,1.18%,,
06/02/2020,1.574,1.572,1.574,1.561,0.77%,,
06/03/2020,0.475,0.624,0.815,0.43,-24.00%,,
06/04/2020,0.104,0.158,0.326,0.081,-1.89%,,
06/05/2020,0.119,0.147,0.147,0.112,-2.46%,,
06/07/2020,0.145,0.157,0.157,0.142,2.11%,,
06/08/2020,0.099,0.104,0.104,0.097,-1.98%,,
06/10/2020,0.099,0.096,0.106,0.096,3.12%,,
06/11/2020,0.094,0.091,0.109,0.091,3.30%,,
15/06/2020,0.167,0.173,0.186,0.165,1.21%,,
16/06/2020,0.172,0.193,0.193,0.172,2.99%,,
17/06/2020,0.178,0.172,0.178,0.172,3.49%,,
18/06/2020,0.157,0.233,0.233,0.155,-11.80%,,
19/06/2020,0.155,0.175,0.175,0.152,-1.27%,,
22/06/2020,0.152,0.175,0.18,0.147,-1.94%,,
23/06/2020,0.152,0.155,0.172,0.152,0.00%,,
24/06/2020,0.152,0.157,0.157,0.152,0.00%,,
25/06/2020,0.142,0.147,0.193,0.142,-6.58%,,
26/06/2020,0.145,0.162,0.162,0.142,2.11%,,
29/06/2020,0.137,0.142,0.162,0.137,-5.52%,,
30/06/2020,0.147,0.145,0.162,0.145,7.30%,,
07/01/2020,1.551,1.546,1.564,1.546,0.85%,,
07/02/2020,1.564,1.582,1.582,1.561,-0.64%,,
07/04/2020,0.15,0.15,0.176,0.125,44.23%,,
07/05/2020,0.106,0.142,0.142,0.106,-10.92%,,
07/07/2020,0.147,0.168,0.168,0.147,1.38%,,
07/08/2020,0.099,0.104,0.119,0.094,0.00%,,
07/10/2020,0.099,0.099,0.101,0.096,0.00%,,
07/12/2020,0.076,0.091,0.091,0.076,-6.17%,,
13/07/2020,0.137,0.153,0.153,0.132,3.79%,,
14/07/2020,0.145,0.14,0.147,0.14,5.84%,,
15/07/2020,0.137,0.132,0.152,0.132,-5.52%,,
16/07/2020,0.114,0.157,0.157,0.112,-16.79%,,
17/07/2020,0.117,0.122,0.122,0.112,2.63%,,
20/07/2020,0.117,0.132,0.132,0.114,0.00%,,
21/07/2020,0.124,0.117,0.137,0.117,5.98%,,
22/07/2020,0.122,0.129,0.129,0.122,-1.61%,,
23/07/2020,0.117,0.119,0.122,0.114,-4.10%,,
24/07/2020,0.109,0.114,0.122,0.109,-6.84%,,
27/07/2020,0.104,0.109,0.122,0.101,-4.59%,,
28/07/2020,0.109,0.122,0.122,0.106,4.81%,,
29/07/2020,0.101,0.112,0.112,0.101,-7.34%,,
30/07/2020,0.096,0.124,0.124,0.096,-4.95%,,
31/07/2020,0.094,0.112,0.112,0.094,-2.08%,,
08/01/2020,1.544,1.551,1.556,1.536,-0.45%,,
08/04/2020,0.198,0.186,0.208,0.15,32.00%,,
08/05/2020,0.117,0.132,0.132,0.107,10.38%,,
08/06/2020,0.165,0.17,0.17,0.157,5.10%,,
08/07/2020,0.147,0.15,0.153,0.147,0.00%,,
08/09/2020,0.119,0.122,0.122,0.112,6.25%,,
08/10/2020,0.096,0.119,0.119,0.096,-3.03%,,
08/12/2020,0.079,0.084,0.091,0.079,3.95%,,
13/08/2020,0.099,0.109,0.127,0.099,-6.60%,,
14/08/2020,0.099,0.099,0.122,0.096,0.00%,,
17/08/2020,0.094,0.096,0.119,0.094,-5.05%,,
18/08/2020,0.106,0.122,0.122,0.106,12.77%,,
19/08/2020,0.101,0.106,0.109,0.101,-4.72%,,
20/08/2020,0.096,0.101,0.129,0.094,-4.95%,,
21/08/2020,0.096,0.117,0.117,0.094,0.00%,,
24/08/2020,0.094,0.096,0.142,0.094,-2.08%,,
25/08/2020,0.101,0.117,0.117,0.101,7.45%,,
26/08/2020,0.099,0.104,0.104,0.099,-1.98%,,
27/08/2020,0.101,0.122,0.122,0.096,2.02%,,
28/08/2020,0.104,0.124,0.124,0.101,2.97%,,
31/08/2020,0.106,0.114,0.117,0.101,1.92%,,
09/01/2020,1.541,1.582,1.582,1.536,-0.19%,,
09/03/2020,0.383,0.522,0.669,0.257,-19.37%,,
09/04/2020,0.236,0.214,0.433,0.181,19.19%,,
09/06/2020,0.172,0.193,0.193,0.17,4.24%,,
09/07/2020,0.134,0.193,0.193,0.132,-8.84%,,
09/09/2020,0.112,0.117,0.117,0.112,-5.88%,,
09/10/2020,0.101,0.101,0.112,0.096,5.21%,,
09/11/2020,0.096,0.091,0.099,0.091,2.13%,,
09/12/2020,0.076,0.079,0.079,0.076,-3.80%,,
14/09/2020,0.109,0.117,0.122,0.109,-2.68%,,
15/09/2020,0.112,0.117,0.122,0.109,2.75%,,
16/09/2020,0.112,0.112,0.112,0.112,0.00%,,
17/09/2020,0.094,0.122,0.122,0.089,-16.07%,,
18/09/2020,0.091,0.094,0.104,0.089,-3.19%,,
21/09/2020,0.086,0.101,0.101,0.086,-5.49%,,
22/09/2020,0.099,0.096,0.112,0.096,15.12%,,
23/09/2020,0.099,0.099,0.099,0.096,0.00%,,
24/09/2020,0.099,0.096,0.104,0.096,0.00%,,
25/09/2020,0.101,0.099,0.106,0.096,2.02%,,
28/09/2020,0.094,0.099,0.109,0.094,-6.93%,,
29/09/2020,0.096,0.112,0.112,0.091,2.13%,,
30/09/2020,0.096,0.099,0.104,0.096,0.00%,,
10/01/2020,1.538,1.584,1.584,1.536,-0.19%,,
10/02/2020,1.566,1.571,1.571,1.556,0.13%,,
10/03/2020,0.426,0.399,0.471,0.394,11.23%,,
10/06/2020,0.172,0.173,0.178,0.172,0.00%,,
10/07/2020,0.132,0.183,0.183,0.132,-1.49%,,
10/08/2020,0.099,0.099,0.104,0.097,0.00%,,
10/09/2020,0.114,0.122,0.122,0.112,1.79%,,
10/11/2020,0.096,0.096,0.106,0.096,0.00%,,
10/12/2020,0.079,0.076,0.086,0.071,3.95%,,
13/10/2020,0.099,0.104,0.112,0.096,-1.98%,,
14/10/2020,0.106,0.109,0.109,0.106,7.07%,,
15/10/2020,0.104,0.104,0.117,0.101,-1.89%,,
16/10/2020,0.096,0.104,0.114,0.096,-7.69%,,
19/10/2020,0.096,0.106,0.109,0.096,0.00%,,
20/10/2020,0.101,0.112,0.112,0.101,5.21%,,
21/10/2020,0.096,0.104,0.104,0.096,-4.95%,,
22/10/2020,0.091,0.099,0.109,0.091,-5.21%,,
23/10/2020,0.094,0.099,0.101,0.091,3.30%,,
26/10/2020,0.089,0.096,0.104,0.089,-5.32%,,
27/10/2020,0.096,0.094,0.097,0.094,7.87%,,
28/10/2020,0.096,0.097,0.097,0.096,0.00%,,
29/10/2020,0.094,0.099,0.122,0.094,-2.08%,,
30/10/2020,0.094,0.102,0.114,0.091,0.00%,,
11/02/2020,1.579,1.577,1.579,1.574,0.83%,,
11/03/2020,0.434,0.611,0.611,0.392,1.88%,,
11/05/2020,0.119,0.137,0.137,0.109,1.71%,,
11/06/2020,0.165,0.188,0.188,0.165,-4.07%,,
11/08/2020,0.112,0.122,0.122,0.104,13.13%,,
11/09/2020,0.112,0.124,0.124,0.112,-1.75%,,
11/11/2020,0.096,0.096,0.096,0.096,0.00%,,
11/12/2020,0.071,0.076,0.086,0.071,-10.13%,,
13/11/2020,0.091,0.101,0.101,0.091,0.00%,,
16/11/2020,0.084,0.096,0.101,0.084,-7.69%,,
17/11/2020,0.086,0.101,0.101,0.086,2.38%,,
18/11/2020,0.086,0.091,0.091,0.081,0.00%,,
19/11/2020,0.066,0.091,0.099,0.058,-23.26%,,
20/11/2020,0.068,0.079,0.081,0.066,3.03%,,
23/11/2020,0.076,0.073,0.081,0.068,11.76%,,
24/11/2020,0.086,0.099,0.099,0.086,13.16%,,
25/11/2020,0.086,0.091,0.091,0.086,0.00%,,
26/11/2020,0.097,0.089,0.097,0.089,12.33%,,
27/11/2020,0.081,0.097,0.099,0.081,-16.15%,,
30/11/2020,0.081,0.084,0.097,0.076,0.00%,,
12/02/2020,1.577,1.577,1.577,1.577,-0.13%,,
12/03/2020,0.327,0.456,0.57,0.242,-24.65%,,
12/05/2020,0.134,0.13,0.158,0.127,12.61%,,
12/06/2020,0.165,0.176,0.193,0.165,0.00%,,
12/08/2020,0.106,0.112,0.112,0.106,-5.36%,,
12/11/2020,0.091,0.117,0.117,0.091,-5.50%,,
14/12/2020,0.071,0.073,0.084,0.068,0.00%,,
15/12/2020,0.076,0.076,0.076,0.076,7.04%,,
16/12/2020,0.081,0.079,0.084,0.076,6.58%,,
17/12/2020,0.086,0.091,0.096,0.081,6.17%,,
18/12/2020,0.086,0.099,0.099,0.086,0.00%,,
21/12/2020,0.089,0.086,0.094,0.081,3.49%,,
22/12/2020,0.089,0.091,0.101,0.086,0.00%,,
23/12/2020,0.086,0.089,0.091,0.086,-3.37%,,
24/12/2020,0.089,0.091,0.104,0.084,3.49%,,
28/12/2020,0.094,0.086,0.117,0.086,5.62%,,
29/12/2020,0.096,0.099,0.106,0.096,2.13%,,
30/12/2020,0.081,0.096,0.096,0.081,-15.63%,,
31/12/2020,0.079,0.081,0.091,0.076,-2.47%,,
01/02/2021,0.056,0.056,0.063,0.056,-3.45%,,
01/03/2021,0.035,0.043,0.053,0.035,-14.63%,,
01/04/2021,0.018,0.023,0.03,0.015,-21.74%,,
01/06/2021,0.015,0.02,0.03,0.013,0.00%,,
01/07/2021,0.048,0.048,0.056,0.046,4.35%,,
01/09/2021,0.046,0.046,0.046,0.041,0.00%,,
01/10/2021,0.038,0.043,0.079,0.036,0.00%,,
01/11/2021,0.048,0.063,0.068,0.046,-17.24%,,
01/12/2021,0.056,0.058,0.058,0.051,5.66%,,
13/01/2021,0.086,0.086,0.086,0.086,0.00%,,
14/01/2021,0.081,0.094,0.099,0.081,-5.81%,,
15/01/2021,0.081,0.099,0.099,0.081,0.00%,,
18/01/2021,0.081,0.081,0.081,0.081,0.00%,,
19/01/2021,0.089,0.091,0.091,0.079,9.74%,,
20/01/2021,0.081,0.086,0.086,0.081,-8.99%,,
21/01/2021,0.081,0.084,0.094,0.079,0.00%,,
22/01/2021,0.079,0.091,0.091,0.076,-2.47%,,
25/01/2021,0.076,0.084,0.089,0.073,-3.80%,,
26/01/2021,0.079,0.089,0.091,0.076,3.95%,,
27/01/2021,0.071,0.081,0.081,0.071,-10.13%,,
28/01/2021,0.063,0.071,0.081,0.063,-11.27%,,
29/01/2021,0.058,0.063,0.071,0.053,-7.94%,,
02/02/2021,0.056,0.063,0.076,0.056,0.00%,,
02/03/2021,0.041,0.041,0.051,0.041,17.14%,,
02/04/2021,0.02,0.02,0.03,0.018,12.78%,,
02/06/2021,0.02,0.023,0.025,0.02,33.33%,,
02/07/2021,0.051,0.061,0.061,0.046,6.25%,,
02/08/2021,0.048,0.056,0.066,0.046,4.35%,,
02/09/2021,0.046,0.046,0.058,0.043,0.00%,,
02/11/2021,0.051,0.056,0.058,0.051,6.25%,,
02/12/2021,0.053,0.063,0.071,0.046,-5.36%,,
15/02/2021,0.041,0.041,0.041,0.041,0.00%,,
16/02/2021,0.041,0.051,0.051,0.041,0.00%,,
17/02/2021,0.041,0.043,0.051,0.041,0.00%,,
18/02/2021,0.038,0.048,0.051,0.033,-7.32%,,
19/02/2021,0.033,0.041,0.043,0.03,-13.16%,,
22/02/2021,0.03,0.041,0.041,0.03,-9.09%,,
23/02/2021,0.033,0.036,0.041,0.033,10.00%,,
24/02/2021,0.033,0.036,0.038,0.033,0.00%,,
25/02/2021,0.043,0.038,0.048,0.036,30.30%,,
26/02/2021,0.041,0.043,0.053,0.041,-4.65%,,
03/02/2021,0.046,0.058,0.058,0.046,-17.86%,,
03/03/2021,0.041,0.043,0.043,0.041,0.00%,,
03/05/2021,0.015,0.01,0.02,0.008,15.38%,,
03/06/2021,0.02,0.025,0.028,0.02,0.00%,,
03/08/2021,0.051,0.053,0.056,0.051,6.25%,,
03/09/2021,0.046,0.048,0.053,0.043,0.00%,,
03/11/2021,0.051,0.051,0.058,0.046,0.00%,,
03/12/2021,0.053,0.058,0.071,0.048,0.00%,,
15/03/2021,0.025,0.033,0.038,0.02,-16.67%,,
16/03/2021,0.018,0.023,0.033,0.018,-28.00%,,
17/03/2021,0.018,0.02,0.02,0.015,0.00%,,
18/03/2021,0.015,0.025,0.028,0.01,-16.67%,,
19/03/2021,0.01,0.013,0.025,0.005,-33.33%,,
22/03/2021,0.01,0.015,0.018,0.01,0.00%,,
23/03/2021,0.015,0.02,0.02,0.015,50.00%,,
24/03/2021,0.02,0.028,0.03,0.02,33.33%,,
25/03/2021,0.02,0.028,0.033,0.015,0.00%,,
26/03/2021,0.02,0.028,0.03,0.02,0.00%,,
29/03/2021,0.015,0.02,0.03,0.015,-25.00%,,
30/03/2021,0.023,0.025,0.036,0.02,53.33%,,
31/03/2021,0.023,0.023,0.023,0.02,0.00%,,
04/01/2021,0.079,0.079,0.091,0.073,0.00%,,
04/02/2021,0.038,0.051,0.056,0.036,-17.39%,,
04/03/2021,0.038,0.043,0.051,0.038,-7.32%,,
04/05/2021,0.015,0.013,0.02,0.013,0.00%,,
04/06/2021,0.02,0.028,0.03,0.02,0.00%,,
04/08/2021,0.051,0.053,0.056,0.051,0.00%,,
04/10/2021,0.038,0.038,0.051,0.036,0.00%,,
04/11/2021,0.041,0.053,0.058,0.041,-19.61%,,
13/04/2021,0.02,0.023,0.03,0.02,11.11%,,
14/04/2021,0.02,0.03,0.03,0.02,0.00%,,
15/04/2021,0.015,0.028,0.038,0.015,-25.00%,,
16/04/2021,0.018,0.03,0.03,0.018,20.00%,,
19/04/2021,0.02,0.018,0.025,0.015,11.11%,,
20/04/2021,0.025,0.028,0.036,0.02,25.00%,,
21/04/2021,0.023,0.025,0.03,0.023,-8.00%,,
22/04/2021,0.02,0.028,0.03,0.02,-13.04%,,
23/04/2021,0.02,0.028,0.041,0.018,0.00%,,
26/04/2021,0.015,0.023,0.03,0.015,-25.00%,,
27/04/2021,0.015,0.02,0.038,0.015,0.00%,,
28/04/2021,0.018,0.025,0.028,0.01,20.00%,,
29/04/2021,0.013,0.02,0.028,0.01,-27.78%,,
30/04/2021,0.013,0.018,0.025,0.013,0.00%,,
05/01/2021,0.084,0.084,0.101,0.084,6.33%,,
05/02/2021,0.033,0.043,0.043,0.028,-13.16%,,
05/03/2021,0.038,0.038,0.043,0.038,0.00%,,
05/04/2021,0.02,0.028,0.033,0.02,0.00%,,
05/05/2021,0.018,0.033,0.033,0.018,20.00%,,
05/07/2021,0.046,0.046,0.046,0.046,-10.59%,,
05/08/2021,0.053,0.058,0.058,0.051,3.92%,,
05/10/2021,0.041,0.041,0.056,0.041,7.89%,,
05/11/2021,0.046,0.053,0.061,0.046,12.20%,,
13/05/2021,0.013,0.02,0.023,0.013,-13.33%,,
14/05/2021,0.01,0.02,0.025,0.01,-23.08%,,
17/05/2021,0.01,0.02,0.03,0.01,0.00%,,
18/05/2021,0.015,0.018,0.025,0.015,50.00%,,
19/05/2021,0.015,0.015,0.015,0.01,0.00%,,
20/05/2021,0.008,0.02,0.02,0.008,-46.67%,,
21/05/2021,0.005,0.013,0.015,0.005,-37.50%,,
24/05/2021,0.01,0.013,0.023,0.008,100.00%,,
25/05/2021,0.015,0.025,0.025,0.015,50.00%,,
26/05/2021,0.01,0.025,0.025,0.01,-33.33%,,
27/05/2021,0.01,0.018,0.02,0.01,0.00%,,
28/05/2021,0.013,0.018,0.02,0.01,30.00%,,
31/05/2021,0.015,0.015,0.015,0.015,16.92%,,
06/01/2021,0.089,0.091,0.091,0.086,5.95%,,
06/04/2021,0.02,0.02,0.025,0.02,0.00%,,
06/05/2021,0.015,0.018,0.025,0.015,-16.67%,,
06/07/2021,0.048,0.048,0.058,0.048,5.26%,,
06/08/2021,0.051,0.058,0.058,0.051,-3.77%,,
06/09/2021,0.046,0.046,0.046,0.046,0.00%,,
06/10/2021,0.046,0.041,0.051,0.041,12.20%,,
06/12/2021,0.053,0.061,0.066,0.051,0.00%,,
14/06/2021,0.025,0.033,0.038,0.02,-10.71%,,
15/06/2021,0.025,0.02,0.036,0.02,0.00%,,
16/06/2021,0.048,0.036,0.051,0.015,92.00%,,
17/06/2021,0.038,0.041,0.053,0.033,-20.83%,,
18/06/2021,0.041,0.046,0.046,0.036,7.89%,,
21/06/2021,0.041,0.048,0.051,0.036,0.00%,,
22/06/2021,0.043,0.046,0.056,0.041,4.88%,,
23/06/2021,0.046,0.053,0.053,0.041,6.98%,,
24/06/2021,0.053,0.051,0.058,0.046,15.22%,,
25/06/2021,0.053,0.056,0.058,0.051,0.00%,,
28/06/2021,0.051,0.056,0.066,0.048,-3.77%,,
29/06/2021,0.051,0.053,0.053,0.048,0.00%,,
30/06/2021,0.046,0.051,0.051,0.046,-9.80%,,
07/01/2021,0.086,0.094,0.096,0.084,-3.37%,,
07/04/2021,0.015,0.023,0.023,0.015,-25.00%,,
07/05/2021,0.015,0.025,0.025,0.015,0.00%,,
07/06/2021,0.025,0.023,0.03,0.02,25.00%,,
07/07/2021,0.053,0.058,0.058,0.051,10.42%,,
07/09/2021,0.041,0.048,0.053,0.041,-10.09%,,
07/10/2021,0.053,0.048,0.061,0.043,15.22%,,
07/12/2021,0.063,0.063,0.071,0.056,18.87%,,
13/07/2021,0.051,0.051,0.061,0.051,-3.77%,,
14/07/2021,0.051,0.051,0.053,0.048,0.00%,,
15/07/2021,0.048,0.061,0.063,0.046,-5.88%,,
16/07/2021,0.046,0.058,0.058,0.046,-4.17%,,
19/07/2021,0.046,0.056,0.058,0.041,0.00%,,
20/07/2021,0.051,0.051,0.061,0.048,10.87%,,
21/07/2021,0.051,0.051,0.051,0.051,0.00%,,
22/07/2021,0.048,0.058,0.061,0.046,-5.88%,,
23/07/2021,0.051,0.051,0.058,0.046,6.25%,,
26/07/2021,0.046,0.056,0.058,0.046,-9.80%,,
27/07/2021,0.051,0.051,0.061,0.051,10.87%,,
28/07/2021,0.051,0.051,0.051,0.051,0.00%,,
29/07/2021,0.046,0.056,0.058,0.046,-9.80%,,
30/07/2021,0.046,0.051,0.058,0.046,0.00%,,
08/01/2021,0.086,0.099,0.099,0.086,0.00%,,
08/02/2021,0.03,0.036,0.043,0.03,-9.09%,,
08/03/2021,0.041,0.038,0.056,0.038,7.89%,,
08/04/2021,0.015,0.033,0.033,0.01,0.00%,,
08/06/2021,0.025,0.025,0.036,0.025,0.00%,,
08/07/2021,0.053,0.056,0.058,0.051,0.00%,,
08/09/2021,0.046,0.046,0.046,0.043,12.20%,,
08/10/2021,0.051,0.053,0.063,0.051,-3.77%,,
08/11/2021,0.041,0.048,0.058,0.041,-10.87%,,
08/12/2021,0.066,0.068,0.076,0.061,4.76%,,
13/08/2021,0.053,0.058,0.066,0.053,3.92%,,
16/08/2021,0.063,0.061,0.073,0.056,18.87%,,
17/08/2021,0.074,0.071,0.081,0.071,17.46%,,
18/08/2021,0.061,0.071,0.073,0.061,-17.57%,,
19/08/2021,0.053,0.066,0.076,0.051,-13.11%,,
20/08/2021,0.053,0.061,0.066,0.051,0.00%,,
23/08/2021,0.051,0.061,0.063,0.043,-3.77%,,
24/08/2021,0.058,0.063,0.063,0.056,13.73%,,
25/08/2021,0.051,0.058,0.058,0.051,-12.07%,,
26/08/2021,0.053,0.053,0.068,0.051,3.92%,,
27/08/2021,0.053,0.056,0.066,0.051,0.00%,,
30/08/2021,0.046,0.056,0.061,0.046,-13.21%,,
31/08/2021,0.046,0.053,0.053,0.043,0.00%,,
09/02/2021,0.041,0.043,0.046,0.036,36.67%,,
09/03/2021,0.041,0.048,0.053,0.041,0.00%,,
09/04/2021,0.013,0.02,0.025,0.013,-13.33%,,
09/06/2021,0.025,0.036,0.038,0.025,0.00%,,
09/07/2021,0.053,0.051,0.063,0.051,0.00%,,
09/08/2021,0.051,0.053,0.056,0.051,0.00%,,
09/09/2021,0.046,0.056,0.056,0.041,0.00%,,
09/11/2021,0.046,0.053,0.053,0.046,12.20%,,
09/12/2021,0.063,0.068,0.084,0.058,-4.55%,,
13/09/2021,0.048,0.051,0.053,0.041,0.00%,,
14/09/2021,0.041,0.046,0.048,0.041,-14.58%,,
15/09/2021,0.041,0.043,0.046,0.041,0.00%,,
16/09/2021,0.035,0.048,0.051,0.035,-14.63%,,
17/09/2021,0.038,0.043,0.051,0.036,8.57%,,
20/09/2021,0.03,0.043,0.046,0.028,-21.05%,,
21/09/2021,0.025,0.038,0.038,0.025,-16.67%,,
22/09/2021,0.03,0.03,0.036,0.025,20.00%,,
23/09/2021,0.03,0.036,0.041,0.03,0.00%,,
24/09/2021,0.035,0.041,0.043,0.033,16.67%,,
27/09/2021,0.03,0.041,0.043,0.03,-14.29%,,
28/09/2021,0.041,0.046,0.046,0.036,36.67%,,
29/09/2021,0.041,0.041,0.046,0.036,0.00%,,
30/09/2021,0.038,0.041,0.048,0.036,-7.32%,,
10/02/2021,0.041,0.043,0.043,0.041,0.00%,,
10/03/2021,0.041,0.043,0.043,0.041,0.00%,,
10/05/2021,0.01,0.023,0.025,0.01,-33.33%,,
10/06/2021,0.025,0.028,0.033,0.025,0.00%,,
10/08/2021,0.056,0.048,0.056,0.048,9.80%,,
10/09/2021,0.048,0.048,0.058,0.043,4.35%,,
10/11/2021,0.051,0.048,0.051,0.043,10.87%,,
10/12/2021,0.063,0.063,0.071,0.056,0.00%,,
13/10/2021,0.051,0.056,0.056,0.051,0.00%,,
14/10/2021,0.046,0.063,0.066,0.046,-9.80%,,
15/10/2021,0.048,0.056,0.061,0.046,4.35%,,
18/10/2021,0.053,0.051,0.061,0.051,10.42%,,
19/10/2021,0.056,0.056,0.058,0.053,5.66%,,
20/10/2021,0.056,0.056,0.056,0.051,0.00%,,
21/10/2021,0.056,0.066,0.066,0.053,0.00%,,
22/10/2021,0.061,0.063,0.063,0.056,8.93%,,
25/10/2021,0.056,0.061,0.066,0.056,-8.20%,,
26/10/2021,0.056,0.058,0.066,0.056,0.00%,,
27/10/2021,0.056,0.056,0.058,0.056,0.00%,,
28/10/2021,0.056,0.061,0.066,0.051,0.00%,,
29/10/2021,0.058,0.061,0.071,0.053,3.57%,,
11/01/2021,0.086,0.084,0.101,0.084,0.00%,,
11/02/2021,0.041,0.051,0.051,0.041,0.00%,,
11/03/2021,0.038,0.046,0.051,0.036,-7.32%,,
11/05/2021,0.015,0.015,0.025,0.015,50.00%,,
11/06/2021,0.028,0.038,0.038,0.025,12.00%,,
11/08/2021,0.051,0.051,0.056,0.051,-8.93%,,
11/10/2021,0.053,0.051,0.053,0.051,4.31%,,
11/11/2021,0.051,0.051,0.051,0.051,0.00%,,
15/11/2021,0.046,0.053,0.066,0.048,-13.21%,,
16/11/2021,0.046,0.048,0.053,0.046,0.00%,,
17/11/2021,0.051,0.046,0.056,0.043,10.87%,,
18/11/2021,0.051,0.053,0.058,0.051,0.00%,,
19/11/2021,0.051,0.051,0.061,0.051,0.00%,,
22/11/2021,0.051,0.058,0.071,0.048,0.00%,,
23/11/2021,0.051,0.063,0.063,0.051,0.00%,,
24/11/2021,0.061,0.051,0.063,0.051,19.61%,,
25/11/2021,0.061,0.061,0.061,0.061,0.00%,,
26/11/2021,0.053,0.063,0.089,0.048,-12.83%,,
29/11/2021,0.048,0.058,0.071,0.043,-9.43%,,
30/11/2021,0.053,0.053,0.058,0.051,10.42%,,
12/01/2021,0.086,0.099,0.099,0.086,0.00%,,
12/02/2021,0.041,0.043,0.051,0.041,0.00%,,
12/03/2021,0.03,0.038,0.048,0.03,-21.05%,,
12/04/2021,0.018,0.015,0.023,0.013,38.46%,,
12/05/2021,0.015,0.015,0.015,0.015,0.00%,,
12/07/2021,0.053,0.058,0.058,0.051,0.00%,,
12/08/2021,0.051,0.063,0.063,0.051,0.00%,,
12/10/2021,0.051,0.058,0.061,0.048,-4.14%,,
12/11/2021,0.053,0.053,0.066,0.051,4.54%,,
13/12/2021,0.056,0.063,0.073,0.053,-11.11%,,
14/12/2021,0.058,0.066,0.066,0.056,3.57%,,
15/12/2021,0.051,0.061,0.066,0.048,-12.07%,,
16/12/2021,0.046,0.056,0.066,0.043,-9.80%,,
17/12/2021,0.051,0.056,0.081,0.046,10.87%,,
20/12/2021,0.076,0.056,0.066,0.043,49.02%,,
21/12/2021,0.071,0.091,0.091,0.071,-6.58%,,
22/12/2021,0.071,0.089,0.089,0.066,0.00%,,
23/12/2021,0.071,0.076,0.091,0.068,0.00%,,
27/12/2021,0.056,0.084,0.084,0.053,-21.13%,,
28/12/2021,0.061,0.091,0.091,0.061,8.93%,,
29/12/2021,0.051,0.091,0.091,0.046,-16.39%,,
30/12/2021,0.046,0.061,0.089,0.043,-9.80%,,
31/12/2021,0.053,0.051,0.068,0.051,15.22%,,
01/02/2022,0.216,0.246,0.251,0.208,16.76%,,
01/03/2022,0.332,0.408,0.408,0.32,3.11%,,
01/04/2022,0.528,0.533,0.556,0.52,1.54%,,
01/06/2022,1.131,1.169,1.169,1.123,6.00%,,
01/07/2022,1.71,1.711,1.733,1.667,0.59%,,
01/08/2022,2.386,2.424,2.44,2.347,0.55%,,
01/09/2022,2.954,2.967,3.021,2.936,0.78%,,
01/11/2022,4.154,4.219,4.219,4.139,1.56%,,
01/12/2022,4.316,4.405,4.405,4.304,-1.10%,,
13/01/2022,0.122,0.132,0.14,0.117,0.00%,,
14/01/2022,0.129,0.129,0.15,0.122,5.74%,,
17/01/2022,0.14,0.14,0.14,0.14,8.14%,,
18/01/2022,0.142,0.142,0.17,0.132,1.79%,,
19/01/2022,0.172,0.193,0.193,0.172,21.13%,,
20/01/2022,0.18,0.172,0.203,0.17,4.65%,,
21/01/2022,0.17,0.183,0.211,0.167,-5.56%,,
24/01/2022,0.17,0.175,0.205,0.167,0.00%,,
25/01/2022,0.193,0.205,0.205,0.193,13.53%,,
26/01/2022,0.2,0.205,0.213,0.185,3.63%,,
27/01/2022,0.205,0.236,0.236,0.195,2.50%,,
28/01/2022,0.19,0.218,0.223,0.188,-7.32%,,
31/01/2022,0.185,0.2,0.211,0.183,-2.63%,,
02/02/2022,0.193,0.208,0.213,0.19,-10.65%,,
02/03/2022,0.335,0.355,0.375,0.332,0.90%,,
02/05/2022,0.8,0.894,0.897,0.797,-4.88%,,
02/06/2022,1.146,1.162,1.185,1.128,1.33%,,
02/08/2022,2.533,2.505,2.546,2.484,6.16%,,
02/09/2022,2.909,2.98,3.015,2.904,-1.52%,,
02/11/2022,4.138,4.198,4.201,4.123,-0.39%,,
02/12/2022,4.32,4.347,4.353,4.289,0.09%,,
14/02/2022,0.391,0.373,0.439,0.373,4.83%,,
15/02/2022,0.416,0.457,0.467,0.414,6.39%,,
16/02/2022,0.383,0.439,0.439,0.381,-7.93%,,
17/02/2022,0.365,0.421,0.439,0.36,-4.70%,,
18/02/2022,0.358,0.37,0.411,0.345,-1.92%,,
21/02/2022,0.345,0.36,0.36,0.345,-3.63%,,
22/02/2022,0.355,0.36,0.37,0.345,2.90%,,
23/02/2022,0.355,0.386,0.411,0.355,0.00%,,
24/02/2022,0.322,0.391,0.398,0.307,-9.30%,,
25/02/2022,0.348,0.34,0.363,0.327,8.07%,,
28/02/2022,0.322,0.343,0.368,0.315,-7.47%,,
03/01/2022,0.063,0.056,0.076,0.048,18.87%,,
03/02/2022,0.205,0.208,0.216,0.198,6.22%,,
03/03/2022,0.365,0.345,0.386,0.335,8.96%,,
03/05/2022,0.925,0.925,0.968,0.912,15.62%,,
03/06/2022,1.185,1.177,1.241,1.149,3.40%,,
03/08/2022,2.487,2.53,2.548,2.481,-1.82%,,
03/10/2022,3.251,3.303,3.313,3.241,-0.97%,,
03/11/2022,4.135,4.138,4.205,4.128,-0.07%,,
14/03/2022,0.424,0.383,0.429,0.383,7.07%,,
15/03/2022,0.464,0.472,0.49,0.462,9.43%,,
16/03/2022,0.459,0.49,0.49,0.431,-1.08%,,
17/03/2022,0.396,0.434,0.477,0.391,-13.73%,,
18/03/2022,0.414,0.408,0.431,0.391,4.55%,,
21/03/2022,0.492,0.416,0.51,0.396,18.84%,,
22/03/2022,0.538,0.563,0.576,0.536,9.35%,,
23/03/2022,0.497,0.558,0.569,0.482,-7.62%,,
24/03/2022,0.52,0.5,0.543,0.497,4.63%,,
25/03/2022,0.538,0.52,0.568,0.52,3.46%,,
28/03/2022,0.556,0.518,0.581,0.51,3.35%,,
29/03/2022,0.574,0.647,0.686,0.571,3.24%,,
30/03/2022,0.538,0.602,0.602,0.53,-6.27%,,
31/03/2022,0.52,0.543,0.566,0.515,-3.35%,,
04/01/2022,0.086,0.099,0.099,0.089,36.51%,,
04/02/2022,0.238,0.208,0.246,0.208,16.10%,,
04/03/2022,0.335,0.375,0.375,0.327,-8.22%,,
04/04/2022,0.566,0.528,0.568,0.528,7.20%,,
04/05/2022,0.922,0.925,0.96,0.871,-0.32%,,
04/07/2022,1.754,1.685,1.754,1.685,2.55%,,
04/08/2022,2.443,2.497,2.53,2.435,-1.77%,,
04/10/2022,3.395,3.408,3.447,3.39,4.43%,,
04/11/2022,4.118,4.2,4.204,4.116,-0.41%,,
13/04/2022,0.757,0.762,0.767,0.747,-0.26%,,
14/04/2022,0.787,0.775,0.805,0.769,3.96%,,
18/04/2022,0.78,0.797,0.823,0.772,-0.89%,,
19/04/2022,0.856,0.894,0.899,0.846,9.74%,,
20/04/2022,0.823,0.854,0.871,0.815,-3.86%,,
21/04/2022,0.828,0.856,0.889,0.815,0.61%,,
22/04/2022,0.828,0.846,0.876,0.828,0.00%,,
25/04/2022,0.83,0.864,0.876,0.825,0.24%,,
26/04/2022,0.856,0.938,0.938,0.843,3.13%,,
27/04/2022,0.828,0.859,0.869,0.828,-3.27%,,
28/04/2022,0.825,0.864,0.892,0.808,-0.36%,,
29/04/2022,0.841,0.853,0.869,0.833,1.94%,,
05/01/2022,0.091,0.089,0.101,0.086,5.81%,,
05/04/2022,0.688,0.691,0.714,0.68,21.55%,,
05/05/2022,0.851,0.884,0.92,0.831,-7.70%,,
05/07/2022,1.731,1.741,1.764,1.705,-1.29%,,
05/08/2022,2.53,2.451,2.558,2.445,3.56%,,
05/09/2022,2.922,2.904,2.922,2.904,0.45%,,
05/10/2022,3.392,3.402,3.438,3.382,-0.09%,,
05/12/2022,4.312,4.354,4.356,4.289,-0.19%,,
13/05/2022,0.988,0.981,1.016,0.948,5.11%,,
16/05/2022,1.027,1.016,1.06,0.991,3.95%,,
17/05/2022,1.07,1.073,1.088,1.05,4.19%,,
18/05/2022,1.039,1.067,1.088,1.029,-2.90%,,
19/05/2022,1.047,1.055,1.095,1.029,0.77%,,
20/05/2022,1.034,1.07,1.095,1.026,-1.24%,,
23/05/2022,1.029,1.057,1.082,1.024,-0.48%,,
24/05/2022,1.065,1.09,1.108,1.06,3.50%,,
25/05/2022,1.073,1.09,1.09,1.057,0.75%,,
26/05/2022,1.055,1.09,1.108,1.052,-1.68%,,
27/05/2022,1.088,1.075,1.093,1.067,3.13%,,
30/05/2022,1.08,1.075,1.08,1.075,-0.74%,,
31/05/2022,1.067,1.077,1.105,1.062,-1.20%,,
06/01/2022,0.101,0.094,0.117,0.091,10.99%,,
06/04/2022,0.688,0.719,0.719,0.675,0.00%,,
06/05/2022,0.848,0.828,0.889,0.818,-0.35%,,
06/06/2022,1.22,1.205,1.223,1.177,2.95%,,
06/07/2022,1.885,1.918,1.923,1.877,8.90%,,
06/09/2022,2.935,2.925,2.973,2.919,0.44%,,
06/10/2022,3.381,3.428,3.433,3.376,-0.32%,,
06/12/2022,4.371,4.341,4.413,4.341,1.37%,,
13/06/2022,1.554,1.363,1.672,1.363,14.01%,,
14/06/2022,1.795,1.762,1.841,1.718,15.51%,,
15/06/2022,1.757,1.805,1.874,1.637,-2.12%,,
16/06/2022,1.585,1.683,1.736,1.549,-9.79%,,
17/06/2022,1.593,1.624,1.659,1.57,0.50%,,
20/06/2022,1.649,1.621,1.664,1.621,3.51%,,
21/06/2022,1.58,1.656,1.677,1.564,-4.18%,,
22/06/2022,1.593,1.708,1.708,1.575,0.82%,,
23/06/2022,1.634,1.624,1.667,1.585,2.57%,,
24/06/2022,1.687,1.621,1.713,1.621,3.24%,,
27/06/2022,1.685,1.692,1.731,1.667,-0.12%,,
28/06/2022,1.78,1.777,1.828,1.777,5.64%,,
29/06/2022,1.757,1.813,1.815,1.757,-1.29%,,
30/06/2022,1.7,1.78,1.815,1.69,-3.24%,,
07/01/2022,0.096,0.099,0.122,0.094,-4.95%,,
07/02/2022,0.223,0.238,0.254,0.218,-6.30%,,
07/03/2022,0.34,0.332,0.37,0.325,1.49%,,
07/04/2022,0.683,0.683,0.714,0.675,-0.73%,,
07/06/2022,1.256,1.259,1.274,1.248,2.95%,,
07/07/2022,1.948,1.928,1.974,1.902,3.34%,,
07/09/2022,3.047,3.068,3.093,3.026,3.82%,,
07/10/2022,3.378,3.429,3.429,3.375,-0.09%,,
07/11/2022,4.09,4.16,4.16,4.079,-0.68%,,
07/12/2022,4.301,4.371,4.377,4.294,-1.60%,,
13/07/2022,2.376,2.225,2.451,2.197,7.76%,,
14/07/2022,2.399,2.412,2.558,2.381,0.97%,,
15/07/2022,2.335,2.402,2.43,2.325,-2.67%,,
18/07/2022,2.37,2.314,2.45,2.314,1.50%,,
19/07/2022,2.505,2.533,2.533,2.469,5.70%,,
20/07/2022,2.492,2.533,2.548,2.464,-0.52%,,
21/07/2022,2.458,2.504,2.512,2.44,-1.36%,,
22/07/2022,2.448,2.484,2.491,2.412,-0.41%,,
25/07/2022,2.486,2.468,2.532,2.445,1.55%,,
26/07/2022,2.53,2.556,2.605,2.515,1.77%,,
27/07/2022,2.451,2.571,2.571,2.41,-3.12%,,
28/07/2022,2.386,2.492,2.497,2.366,-2.65%,,
29/07/2022,2.373,2.417,2.437,2.371,-0.54%,,
08/02/2022,0.284,0.292,0.292,0.276,27.35%,,
08/03/2022,0.375,0.391,0.408,0.365,10.29%,,
08/04/2022,0.698,0.711,0.724,0.688,2.20%,,
08/06/2022,1.264,1.269,1.282,1.256,0.64%,,
08/07/2022,1.963,1.925,1.976,1.925,0.77%,,
08/08/2022,2.529,2.535,2.563,2.506,-0.04%,,
08/09/2022,3.029,3.023,3.078,3.021,-0.59%,,
08/11/2022,4.2,4.235,4.245,4.191,2.69%,,
08/12/2022,4.27,4.343,4.345,4.265,-0.72%,,
15/08/2022,2.588,2.589,2.627,2.55,0.98%,,
16/08/2022,2.661,2.664,2.713,2.659,2.82%,,
17/08/2022,2.641,2.703,2.746,2.641,-0.75%,,
18/08/2022,2.669,2.682,2.692,2.635,1.06%,,
19/08/2022,2.686,2.674,2.704,2.668,0.64%,,
22/08/2022,2.755,2.722,2.766,2.673,2.57%,,
23/08/2022,2.769,2.788,2.834,2.741,0.51%,,
24/08/2022,2.78,2.831,2.836,2.759,0.40%,,
25/08/2022,2.8,2.826,2.857,2.779,0.72%,,
26/08/2022,2.838,2.849,2.871,2.805,1.36%,,
29/08/2022,2.886,2.871,2.941,2.84,1.69%,,
30/08/2022,2.944,3.024,3.024,2.939,2.01%,,
31/08/2022,2.931,2.941,2.995,2.931,-0.44%,,
09/02/2022,0.279,0.292,0.292,0.279,-1.76%,,
09/03/2022,0.381,0.398,0.398,0.37,1.60%,,
09/05/2022,0.833,0.838,0.869,0.82,-1.77%,,
09/06/2022,1.274,1.292,1.302,1.269,0.79%,,
09/08/2022,2.633,2.649,2.669,2.618,4.11%,,
09/09/2022,3.041,3.049,3.079,3.025,0.40%,,
09/11/2022,4.203,4.232,4.26,4.193,0.07%,,
09/12/2022,4.294,4.309,4.318,4.258,0.56%,,
13/09/2022,3.263,3.148,3.325,3.142,6.25%,,
14/09/2022,3.212,3.289,3.343,3.204,-1.56%,,
15/09/2022,3.186,3.212,3.263,3.181,-0.81%,,
16/09/2022,3.167,3.219,3.226,3.149,-0.60%,,
19/09/2022,3.128,3.167,3.22,3.125,-1.23%,,
20/09/2022,3.348,3.364,3.387,3.325,7.03%,,
21/09/2022,3.292,3.348,3.374,3.271,-1.67%,,
22/09/2022,3.232,3.312,3.33,3.229,-1.82%,,
23/09/2022,3.195,3.27,3.319,3.195,-1.14%,,
26/09/2022,3.272,3.241,3.285,3.21,2.41%,,
27/09/2022,3.328,3.367,3.395,3.323,1.71%,,
28/09/2022,3.374,3.353,3.374,3.325,1.38%,,
29/09/2022,3.314,3.366,3.381,3.312,-1.78%,,
30/09/2022,3.283,3.379,3.386,3.272,-0.94%,,
10/01/2022,0.099,0.109,0.112,0.096,3.12%,,
10/02/2022,0.409,0.284,0.434,0.282,46.59%,,
10/03/2022,0.396,0.388,0.429,0.381,3.94%,,
10/05/2022,0.907,0.945,0.945,0.899,8.88%,,
10/06/2022,1.363,1.307,1.376,1.274,6.99%,,
10/08/2022,2.597,2.661,2.682,2.556,-1.37%,,
10/10/2022,3.427,3.383,3.427,3.383,1.44%,,
10/11/2022,4.196,4.242,4.268,4.16,-0.17%,,
13/10/2022,3.696,3.663,3.732,3.619,2.04%,,
14/10/2022,3.723,3.735,3.79,3.697,0.73%,,
17/10/2022,3.78,3.765,3.818,3.713,1.53%,,
18/10/2022,3.934,3.953,3.986,3.909,4.07%,,
19/10/2022,3.996,3.978,4.069,3.931,1.58%,,
20/10/2022,4.001,4.04,4.05,3.985,0.13%,,
21/10/2022,3.992,4.037,4.051,3.979,-0.22%,,
24/10/2022,4.02,4.03,4.051,3.989,0.70%,,
25/10/2022,4.066,4.121,4.124,4.061,1.14%,,
26/10/2022,4.032,4.107,4.107,4.025,-0.84%,,
27/10/2022,4.047,4.074,4.076,4.027,0.37%,,
28/10/2022,4.082,4.076,4.1,4.046,0.86%,,
31/10/2022,4.09,4.116,4.152,4.082,0.20%,,
11/01/2022,0.127,0.122,0.134,0.119,28.28%,,
11/02/2022,0.373,0.449,0.469,0.353,-8.80%,,
11/03/2022,0.396,0.381,0.416,0.378,0.00%,,
11/04/2022,0.706,0.736,0.736,0.701,1.15%,,
11/05/2022,0.904,0.938,0.945,0.892,-0.33%,,
11/07/2022,2.061,1.93,2.089,1.922,4.99%,,
11/08/2022,2.558,2.658,2.669,2.525,-1.50%,,
11/10/2022,3.442,3.424,3.457,3.388,0.45%,,
14/11/2022,4.181,4.214,4.229,4.172,-0.36%,,
15/11/2022,4.237,4.286,4.286,4.224,1.34%,,
16/11/2022,4.232,4.239,4.242,4.221,-0.12%,,
17/11/2022,4.234,4.275,4.293,4.228,0.05%,,
18/11/2022,4.25,4.271,4.281,4.232,0.38%,,
21/11/2022,4.216,4.289,4.312,4.201,-0.80%,,
22/11/2022,4.311,4.315,4.37,4.294,2.25%,,
23/11/2022,4.314,4.319,4.371,4.309,0.07%,,
24/11/2022,4.36,4.324,4.36,4.324,1.08%,,
25/11/2022,4.305,4.335,4.354,4.281,-1.27%,,
28/11/2022,4.402,4.405,4.41,4.276,2.25%,,
29/11/2022,4.384,4.388,4.429,4.374,-0.41%,,
30/11/2022,4.364,4.418,4.421,4.353,-0.46%,,
12/01/2022,0.122,0.14,0.14,0.122,-3.94%,,
12/04/2022,0.759,0.82,0.826,0.754,7.51%,,
12/05/2022,0.94,0.945,0.968,0.91,3.98%,,
12/07/2022,2.205,2.164,2.212,2.159,6.99%,,
12/08/2022,2.563,2.594,2.597,2.54,0.20%,,
12/09/2022,3.071,3.066,3.107,3.038,0.99%,,
12/10/2022,3.622,3.586,3.686,3.586,5.23%,,
12/12/2022,4.289,4.331,4.332,4.26,-0.12%,,
13/12/2022,4.358,4.427,4.434,4.349,1.61%,,
14/12/2022,4.345,4.444,4.444,4.33,-0.30%,,
15/12/2022,4.327,4.33,4.387,4.319,-0.41%,,
16/12/2022,4.292,4.376,4.381,4.292,-0.81%,,
19/12/2022,4.283,4.338,4.345,4.271,-0.21%,,
20/12/2022,4.356,4.393,4.419,4.349,1.70%,,
21/12/2022,4.33,4.364,4.366,4.32,-0.60%,,
22/12/2022,4.332,4.364,4.366,4.317,0.05%,,
23/12/2022,4.335,4.366,4.366,4.312,0.07%,,
26/12/2022,4.369,4.366,4.369,4.366,0.78%,,
27/12/2022,4.311,4.366,4.389,4.298,-1.32%,,
28/12/2022,4.457,4.486,4.491,4.444,3.39%,,
29/12/2022,4.423,4.493,4.498,4.405,-0.76%,,
30/12/2022,4.405,4.462,4.47,4.371,-0.41%,,
01/02/2023,4.656,4.717,4.717,4.649,-0.79%,,
01/03/2023,4.867,4.865,4.877,4.843,0.21%,,
13/01/2023,4.62,4.643,4.654,4.604,0.24%,,
16/01/2023,4.661,4.661,4.661,4.661,0.89%,,
17/01/2023,4.617,4.661,4.674,4.609,-0.95%,,
18/01/2023,4.651,4.708,4.708,4.649,0.74%,,
19/01/2023,4.666,4.703,4.736,4.659,0.32%,,
20/01/2023,4.662,4.703,4.716,4.654,-0.09%,,
23/01/2023,4.669,4.719,4.752,4.661,0.15%,,
24/01/2023,4.695,4.699,4.743,4.681,0.56%,,
25/01/2023,4.675,4.737,4.74,4.672,-0.43%,,
26/01/2023,4.669,4.716,4.726,4.669,-0.13%,,
27/01/2023,4.677,4.713,4.721,4.67,0.17%,,
30/01/2023,4.661,4.719,4.736,4.661,-0.34%,,
31/01/2023,4.693,4.71,4.751,4.693,0.69%,,
02/01/2023,4.395,4.395,4.395,4.395,-0.24%,,
02/02/2023,4.64,4.672,4.708,4.635,-0.34%,,
02/03/2023,4.869,4.877,4.91,4.828,0.04%,,
13/02/2023,4.778,4.812,4.822,4.765,0.10%,,
14/02/2023,4.786,4.813,4.831,4.782,0.17%,,
15/02/2023,4.773,4.815,4.815,4.773,-0.27%,,
16/02/2023,4.801,4.823,4.825,4.77,0.59%,,
17/02/2023,4.814,4.851,4.861,4.801,0.27%,,
20/02/2023,4.84,4.827,4.84,4.827,0.54%,,
21/02/2023,4.816,4.84,4.876,4.78,-0.50%,,
22/02/2023,4.828,4.843,4.846,4.823,0.25%,,
23/02/2023,4.832,4.864,4.874,4.819,0.08%,,
24/02/2023,4.833,4.851,4.867,4.81,0.02%,,
27/02/2023,4.804,4.841,4.897,4.788,-0.60%,,
28/02/2023,4.857,4.86,4.873,4.844,1.10%,,
03/01/2023,4.373,4.404,4.43,4.363,-0.49%,,
03/02/2023,4.659,4.677,4.698,4.62,0.41%,,
03/03/2023,4.875,4.871,4.908,4.841,0.12%,,
13/03/2023,4.83,4.934,5.043,4.612,-2.52%,,
14/03/2023,4.836,4.798,5.003,4.798,0.12%,,
15/03/2023,4.755,4.942,4.978,4.656,-1.67%,,
16/03/2023,4.708,4.716,4.838,4.661,-0.99%,,
17/03/2023,4.459,4.754,4.794,4.418,-5.29%,,
20/03/2023,4.62,4.444,4.661,4.441,3.61%,,
21/03/2023,4.753,4.676,4.88,4.676,2.88%,,
22/03/2023,4.719,4.823,4.823,4.695,-0.72%,,
23/03/2023,4.671,4.768,4.928,4.635,-1.02%,,
24/03/2023,4.69,4.687,4.805,4.579,0.41%,,
27/03/2023,4.752,4.714,4.809,4.639,1.32%,,
28/03/2023,4.771,4.767,4.904,4.758,0.40%,,
29/03/2023,4.773,4.828,4.856,4.734,0.04%,,
30/03/2023,4.814,4.781,4.918,4.754,0.86%,,
31/03/2023,4.802,4.9,4.984,4.755,-0.25%,,
04/01/2023,4.516,4.548,4.555,4.491,3.27%,,
05/01/2023,4.622,4.532,4.64,4.516,2.35%,,
06/01/2023,4.626,4.697,4.697,4.613,0.09%,,
06/02/2023,4.666,4.693,4.698,4.656,0.15%,,
06/03/2023,4.872,4.872,4.91,4.848,-0.06%,,
07/02/2023,4.703,4.697,4.722,4.66,0.79%,,
07/03/2023,5.013,4.889,5.015,4.885,2.89%,,
08/02/2023,4.714,4.747,4.75,4.698,0.23%,,
08/03/2023,5.036,5.01,5.059,4.978,0.46%,,
09/01/2023,4.615,4.923,4.926,4.609,-0.24%,,
09/02/2023,4.741,4.75,4.762,4.7,0.57%,,
09/03/2023,5.01,5.036,5.061,4.988,-0.52%,,
10/01/2023,4.688,4.689,4.717,4.662,1.58%,,
10/02/2023,4.773,4.788,4.807,4.747,0.67%,,
10/03/2023,4.955,5.014,5.024,4.911,-1.10%,,
11/01/2023,4.677,4.695,4.706,4.667,-0.23%,,
12/01/2023,4.609,4.716,4.744,4.599,-1.45%,,
